District,Rural / Urban,% of households with electricty,% of households with Pressure Lamp,% of households with Lantern,% of households with Tin Lamp,% of households with Gas Lamp,% of households with Fuel wood,% of households with Solar,% of households with Other,Housheolds,No. of households with electricity,No. of households with Pressure Lamp,No. of households with Lantern,No. of households with Tin Lamp,No. of households with Gas Lamp,No. of households with Fuel wood,No. of households with Solar,No. of households with Other,Province,County,Census Table,MTEF,MTP,Longtitude,Latitude,Geolocation
MERU CENTRAL,Urban,,,,,,,,,0,0,0,0,0,0,0,0,0,EASTERN,Meru,Table 10b: Urban Households by main type of Lighting Fuel,Physical Infrastructure,Energy,37.58330732,0.001443681,"(0.001443681, 37.58330732)"
KAKAMEGA SOUTH,Urban,,,,,,,,,0,0,0,0,0,0,0,0,0,WESTERN,Kakamega,Table 10a: Rural Households by main type of Lighting Fuel,Physical Infrastructure,Energy,34.7077479,0.190561619,"(0.190561619, 34.7077479)"
NYANDARUA NORTH,Urban,6.3%,0.6%,51.6%,32.1%,0.8%,0.4%,7.9%,0.2%,52503,3332,302,27102,16865,395,214,4173,120,CENTRAL,Nyandarua,Table 10b: Urban Households by main type of Lighting Fuel,Physical Infrastructure,Energy,36.42343108,-0.144560572,"(-0.144560572, 36.42343108)"
NYANDARUA SOUTH,Urban,6%,0.6%,62.8%,24.3%,0.6%,0.2%,5.3%,0.1%,61936,3741,387,38900,15077,384,103,3256,88,CENTRAL,Nyandarua,Table 10b: Urban Households by main type of Lighting Fuel,Physical Infrastructure,Energy,36.55651343,-0.533045224,"(-0.533045224, 36.55651343)"
NYERI NORTH,Urban,14.5%,1%,41.4%,34.3%,0.6%,0.8%,7.2%,0.2%,81307,11774,775,33686,27884,514,651,5868,155,CENTRAL,Nyeri,Table 10b: Urban Households by main type of Lighting Fuel,Physical Infrastructure,Energy,36.9811441,-0.266587082,"(-0.266587082, 36.9811441)"
NYERI SOUTH,Urban,17%,0.8%,36.5%,41.4%,0.6%,0.3%,3.2%,0.1%,66028,11250,532,24090,27350,385,222,2132,67,CENTRAL,Nyeri,Table 10b: Urban Households by main type of Lighting Fuel,Physical Infrastructure,Energy,36.89927916,-0.500808092,"(-0.500808092, 36.89927916)"
KIRINYAGA,Urban,10%,0.5%,34.8%,49.7%,0.7%,0.3%,3.9%,0.1%,126665,12612,688,44095,62943,845,370,4933,179,CENTRAL,Kirinyaga,Table 10b: Urban Households by main type of Lighting Fuel,Physical Infrastructure,Energy,37.32018369,-0.519266797,"(-0.519266797, 37.32018369)"
MURANGA NORTH,Urban,9.9%,0.4%,41.4%,44.5%,0.6%,0.3%,2.8%,0.1%,87030,8627,314,36049,38737,524,251,2441,87,CENTRAL,Murang'a,Table 10b: Urban Households by main type of Lighting Fuel,Physical Infrastructure,Energy,36.98118146,-0.675384535,"(-0.675384535, 36.98118146)"
MURANGA SOUTH,Urban,7.2%,0.6%,39.9%,49.4%,0.5%,0.2%,2.2%,0.1%,84114,6027,466,33585,41533,389,149,1869,96,CENTRAL,Murang'a,Table 10b: Urban Households by main type of Lighting Fuel,Physical Infrastructure,Energy,37.05522802,-0.845673319,"(-0.845673319, 37.05522802)"
KIAMBU EAST(KIAMBAA),Urban,48.6%,1%,19.4%,29.8%,0.7%,0.1%,0.4%,0.1%,12468,6055,127,2413,3719,82,13,50,9,CENTRAL,Kiambu,Table 10b: Urban Households by main type of Lighting Fuel,Physical Infrastructure,Energy,36.80546766,-1.158558742,"(-1.158558742, 36.80546766)"
KIKUYU,Urban,64.9%,0%,15.5%,18.7%,0%,0%,0.8%,0%,251,163,0,39,47,0,0,2,0,CENTRAL,Kiambu,Table 10b: Urban Households by main type of Lighting Fuel,Physical Infrastructure,Energy,36.63360077,-1.236882983,"(-1.236882983, 36.63360077)"
KIAMBU WEST,Urban,41.8%,0.3%,31.9%,24.3%,0.5%,0.1%,1%,0.1%,13465,5622,34,4296,3274,68,15,136,20,CENTRAL,Kiambu,Table 10b: Urban Households by main type of Lighting Fuel,Physical Infrastructure,Energy,36.62625892,-1.139177531,"(-1.139177531, 36.62625892)"
LARI,Urban,28.1%,0.5%,41.6%,27.3%,0.3%,0.1%,1.7%,0.4%,30779,8661,141,12806,8388,97,33,529,124,CENTRAL,Kiambu,Table 10b: Urban Households by main type of Lighting Fuel,Physical Infrastructure,Energy,36.67684469,-0.92811243,"(-0.92811243, 36.67684469)"
GITHUNGURI,Urban,39.3%,0.6%,33.8%,25%,0.4%,0.1%,0.7%,0.1%,33301,13097,208,11244,8320,127,36,231,38,CENTRAL,Kiambu,Table 10b: Urban Households by main type of Lighting Fuel,Physical Infrastructure,Energy,36.79433274,-1.066938632,"(-1.066938632, 36.79433274)"
THIKA EAST,Urban,9.6%,0.9%,43.6%,42.4%,0.5%,0.2%,2.3%,0.4%,19226,1840,175,8392,8159,103,44,440,73,CENTRAL,Kiambu,Table 10b: Urban Households by main type of Lighting Fuel,Physical Infrastructure,Energy,37.23100647,-1.029757173,"(-1.029757173, 37.23100647)"
THIKA WEST,Urban,18%,0.6%,45.4%,32.9%,0.3%,0.2%,2%,0.5%,7283,1313,45,3303,2398,22,16,149,37,CENTRAL,Kiambu,Table 10b: Urban Households by main type of Lighting Fuel,Physical Infrastructure,Energy,37.04502993,-1.099288796,"(-1.099288796, 37.04502993)"
RUIRU,Urban,,,,,,,,,0,0,0,0,0,0,0,0,0,CENTRAL,Kiambu,Table 10b: Urban Households by main type of Lighting Fuel,Physical Infrastructure,Energy,36.99460397,-1.167110142,"(-1.167110142, 36.99460397)"
GATANGA,Urban,17.9%,0.5%,50.6%,27.6%,0.7%,0.2%,2.3%,0.1%,29664,5324,151,14997,8198,215,50,686,43,CENTRAL,Murang'a,Table 10b: Urban Households by main type of Lighting Fuel,Physical Infrastructure,Energy,36.88791928,-0.876497537,"(-0.876497537, 36.88791928)"
GATUNDU,Urban,16.8%,0.5%,42.9%,36.8%,0.5%,0.2%,2.2%,0.1%,53749,9008,294,23039,19755,286,123,1206,38,CENTRAL,Kiambu,Table 10b: Urban Households by main type of Lighting Fuel,Physical Infrastructure,Energy,36.85558237,-0.959326055,"(-0.959326055, 36.85558237)"
NYANDARUA NORTH,Urban,24.2%,0.6%,46%,23%,0.4%,0.3%,4.8%,0.6%,24094,5839,143,11086,5540,102,66,1164,154,CENTRAL,Nyandarua,Table 10b: Urban Households by main type of Lighting Fuel,Physical Infrastructure,Energy,36.42343108,-0.144560572,"(-0.144560572, 36.42343108)"
NYANDARUA SOUTH,Urban,40.7%,0.8%,42.3%,13.9%,0.6%,0.1%,1.1%,0.5%,5346,2174,43,2263,743,30,8,60,25,CENTRAL,Nyandarua,Table 10b: Urban Households by main type of Lighting Fuel,Physical Infrastructure,Energy,36.55651343,-0.533045224,"(-0.533045224, 36.55651343)"
NYERI NORTH,Urban,57.2%,0.6%,22.9%,17.2%,0.3%,0.4%,1%,0.5%,14301,8180,80,3268,2456,43,63,143,68,CENTRAL,Nyeri,Table 10b: Urban Households by main type of Lighting Fuel,Physical Infrastructure,Energy,36.9811441,-0.266587082,"(-0.266587082, 36.9811441)"
NYERI SOUTH,Urban,54.6%,0.6%,21.1%,21.5%,0.2%,0.2%,1.2%,0.5%,40067,21882,254,8473,8615,96,68,483,196,CENTRAL,Nyeri,Table 10b: Urban Households by main type of Lighting Fuel,Physical Infrastructure,Energy,36.89927916,-0.500808092,"(-0.500808092, 36.89927916)"
KIRINYAGA,Urban,46.2%,1.2%,27.2%,22.4%,0.6%,0.2%,1.5%,0.7%,27555,12741,340,7494,6173,160,43,416,188,CENTRAL,Kirinyaga,Table 10b: Urban Households by main type of Lighting Fuel,Physical Infrastructure,Energy,37.32018369,-0.519266797,"(-0.519266797, 37.32018369)"
MURANGA NORTH,Urban,65.1%,1.2%,17.4%,14.6%,0.2%,0.1%,0.7%,0.8%,10671,6947,123,1855,1555,25,8,77,81,CENTRAL,Murang'a,Table 10b: Urban Households by main type of Lighting Fuel,Physical Infrastructure,Energy,36.98118146,-0.675384535,"(-0.675384535, 36.98118146)"
MURANGA SOUTH,Urban,21.3%,0.8%,30.3%,44.9%,0.5%,0.3%,1.7%,0.3%,30464,6481,247,9228,13674,141,95,521,77,CENTRAL,Murang'a,Table 10b: Urban Households by main type of Lighting Fuel,Physical Infrastructure,Energy,37.05522802,-0.845673319,"(-0.845673319, 37.05522802)"
KIAMBU EAST(KIAMBAA),Urban,72.5%,0.6%,14.4%,11.7%,0.2%,0.1%,0.2%,0.3%,62874,45592,355,9056,7333,115,73,136,214,CENTRAL,Kiambu,Table 10b: Urban Households by main type of Lighting Fuel,Physical Infrastructure,Energy,36.80546766,-1.158558742,"(-1.158558742, 36.80546766)"
KIKUYU,Urban,70.5%,0.5%,17.7%,10.1%,0.3%,0.2%,0.4%,0.3%,76794,54111,420,13627,7736,253,125,269,253,CENTRAL,Kiambu,Table 10b: Urban Households by main type of Lighting Fuel,Physical Infrastructure,Energy,36.63360077,-1.236882983,"(-1.236882983, 36.63360077)"
KIAMBU WEST,Urban,52.4%,0.7%,28.1%,17.3%,0.3%,0.1%,0.5%,0.5%,23077,12101,166,6493,3993,59,26,121,118,CENTRAL,Kiambu,Table 10b: Urban Households by main type of Lighting Fuel,Physical Infrastructure,Energy,36.62625892,-1.139177531,"(-1.139177531, 36.62625892)"
LARI,Urban,,,,,,,,,0,0,0,0,0,0,0,0,0,CENTRAL,Kiambu,Table 10b: Urban Households by main type of Lighting Fuel,Physical Infrastructure,Energy,36.67684469,-0.92811243,"(-0.92811243, 36.67684469)"
GITHUNGURI,Urban,57.1%,0.6%,27.5%,13.2%,0.1%,0%,0.3%,1.2%,6049,3452,35,1664,801,6,3,18,70,CENTRAL,Kiambu,Table 10b: Urban Households by main type of Lighting Fuel,Physical Infrastructure,Energy,36.79433274,-1.066938632,"(-1.066938632, 36.79433274)"
THIKA EAST,Urban,83.4%,0.5%,8.1%,7.8%,0.1%,0%,0%,0.1%,1215,1013,6,99,95,1,0,0,1,CENTRAL,Kiambu,Table 10b: Urban Households by main type of Lighting Fuel,Physical Infrastructure,Energy,37.23100647,-1.029757173,"(-1.029757173, 37.23100647)"
THIKA WEST,Urban,60.4%,1%,24.5%,12.6%,0.2%,0.1%,0.4%,0.8%,64768,39149,667,15862,8170,108,55,235,522,CENTRAL,Kiambu,Table 10b: Urban Households by main type of Lighting Fuel,Physical Infrastructure,Energy,37.04502993,-1.099288796,"(-1.099288796, 37.04502993)"
RUIRU,Urban,70.8%,0.9%,17.3%,9.9%,0.1%,0.2%,0.4%,0.4%,75184,53250,650,12978,7415,97,173,283,338,CENTRAL,Kiambu,Table 10b: Urban Households by main type of Lighting Fuel,Physical Infrastructure,Energy,36.99460397,-1.167110142,"(-1.167110142, 36.99460397)"
GATANGA,Urban,80.6%,0.9%,12.8%,4.6%,0.4%,0.4%,0%,0.4%,547,441,5,70,25,2,2,0,2,CENTRAL,Murang'a,Table 10b: Urban Households by main type of Lighting Fuel,Physical Infrastructure,Energy,36.88791928,-0.876497537,"(-0.876497537, 36.88791928)"
GATUNDU,Urban,64.9%,1.1%,27.9%,5%,0.2%,0%,0.3%,0.6%,1967,1277,22,549,98,4,0,6,11,CENTRAL,Kiambu,Table 10b: Urban Households by main type of Lighting Fuel,Physical Infrastructure,Energy,36.85558237,-0.959326055,"(-0.959326055, 36.85558237)"
MOMBASA,Urban,,,,,,,,,0,0,0,0,0,0,0,0,0,COAST,Mombasa,Table 10b: Urban Households by main type of Lighting Fuel,Physical Infrastructure,Energy,39.6977,-3.9685,"(-3.9685, 39.6977)"
KILINDINI,Urban,,,,,,,,,0,0,0,0,0,0,0,0,0,COAST,Mombasa,Table 10b: Urban Households by main type of Lighting Fuel,Physical Infrastructure,Energy,39.6365,-4.0383,"(-4.0383, 39.6365)"
KWALE,Urban,6.2%,0.4%,14.1%,76.4%,0.4%,0.7%,1.6%,0.2%,24506,1509,105,3458,18715,97,182,392,48,COAST,Kwale ,Table 10b: Urban Households by main type of Lighting Fuel,Physical Infrastructure,Energy,39.40753681,-4.221293887,"(-4.221293887, 39.40753681)"
KINANGO,Urban,1.7%,0.4%,10%,85.2%,0.3%,1.6%,0.6%,0.2%,32394,536,139,3228,27613,104,519,206,49,COAST,Kwale ,Table 10b: Urban Households by main type of Lighting Fuel,Physical Infrastructure,Energy,39.10335046,-3.96233059,"(-3.96233059, 39.10335046)"
MSAMBWENI,Urban,3.1%,0.4%,10.5%,82.6%,0.3%,2%,0.7%,0.3%,36059,1104,142,3794,29792,124,738,268,97,COAST,Kwale ,Table 10b: Urban Households by main type of Lighting Fuel,Physical Infrastructure,Energy,39.16173404,-4.397198722,"(-4.397198722, 39.16173404)"
KILIFI,Urban,3.7%,0.4%,12.3%,79.9%,0.6%,2.4%,0.5%,0.2%,55663,2081,210,6828,44485,321,1343,302,93,COAST,Kilifi,Table 10b: Urban Households by main type of Lighting Fuel,Physical Infrastructure,Energy,39.60114414,-3.494969907,"(-3.494969907, 39.60114414)"
KALOLENI,Urban,5.2%,0.4%,10%,82.7%,0.4%,0.4%,0.8%,0.1%,33158,1712,117,3324,27428,148,145,265,19,COAST,Kilifi,Table 10b: Urban Households by main type of Lighting Fuel,Physical Infrastructure,Energy,39.54477529,-3.768179495,"(-3.768179495, 39.54477529)"
MALINDI,Urban,3%,0.3%,19.2%,71.7%,0.4%,4.6%,0.7%,0.2%,38704,1161,112,7414,27759,139,1768,282,69,COAST,Kilifi,Table 10b: Urban Households by main type of Lighting Fuel,Physical Infrastructure,Energy,39.74330931,-2.934879654,"(-2.934879654, 39.74330931)"
TANA RIVER,Urban,0.2%,0.1%,17.9%,64.7%,2.2%,9.5%,0.8%,4.6%,21389,51,30,3825,13842,465,2027,169,980,COAST,Tana River,Table 10b: Urban Households by main type of Lighting Fuel,Physical Infrastructure,Energy,39.34922935,-0.942366175,"(-0.942366175, 39.34922935)"
TANA DELTA,Urban,1.9%,0.2%,15.4%,76%,0.4%,3.7%,1.1%,1.5%,18146,336,32,2801,13790,64,667,191,265,COAST,Tana River,Table 10b: Urban Households by main type of Lighting Fuel,Physical Infrastructure,Energy,39.51654731,-2.317407934,"(-2.317407934, 39.51654731)"
LAMU,Urban,4.4%,0.4%,37%,45.6%,0.8%,3.1%,6.5%,2.2%,17391,759,74,6439,7927,138,539,1131,384,COAST,Lamu,Table 10b: Urban Households by main type of Lighting Fuel,Physical Infrastructure,Energy,40.74388079,-2.018858269,"(-2.018858269, 40.74388079)"
TAITA,Urban,8.9%,0.3%,50.6%,35.4%,0.4%,0.7%,2.8%,0.8%,41936,3740,132,21218,14862,182,304,1177,321,COAST,Taita Taveta,Table 10b: Urban Households by main type of Lighting Fuel,Physical Infrastructure,Energy,38.56492447,-3.416968032,"(-3.416968032, 38.56492447)"
TAVETA,Urban,3.6%,0.4%,33.1%,58.8%,0.3%,0.8%,2.6%,0.5%,10816,385,41,3575,6362,33,86,285,49,COAST,Taita Taveta,Table 10b: Urban Households by main type of Lighting Fuel,Physical Infrastructure,Energy,37.97519351,-3.41452877,"(-3.41452877, 37.97519351)"
MOMBASA,Urban,64.1%,1%,13.2%,20.6%,0.2%,0.2%,0.2%,0.6%,140535,90073,1412,18531,28926,288,224,215,866,COAST,Mombasa,Table 10b: Urban Households by main type of Lighting Fuel,Physical Infrastructure,Energy,39.6977,-3.9685,"(-3.9685, 39.6977)"
KILINDINI,Urban,53.5%,1%,19.1%,25.2%,0.2%,0.2%,0.1%,0.6%,128165,68515,1336,24526,32310,224,306,170,778,COAST,Mombasa,Table 10b: Urban Households by main type of Lighting Fuel,Physical Infrastructure,Energy,39.6365,-4.0383,"(-4.0383, 39.6365)"
KWALE,Urban,20.4%,1.3%,16.6%,59.7%,0.6%,0.4%,0.7%,0.3%,4053,825,52,673,2420,24,15,30,14,COAST,Kwale ,Table 10b: Urban Households by main type of Lighting Fuel,Physical Infrastructure,Energy,39.40753681,-4.221293887,"(-4.221293887, 39.40753681)"
KINANGO,Urban,18.6%,0.5%,19.9%,58.1%,0.6%,0.2%,1.9%,0.2%,1610,299,8,320,935,10,4,31,3,COAST,Kwale ,Table 10b: Urban Households by main type of Lighting Fuel,Physical Infrastructure,Energy,39.10335046,-3.96233059,"(-3.96233059, 39.10335046)"
MSAMBWENI,Urban,36.8%,1.1%,19.6%,41.2%,0.3%,0.3%,0.3%,0.5%,23425,8615,267,4590,9643,60,64,71,115,COAST,Kwale ,Table 10b: Urban Households by main type of Lighting Fuel,Physical Infrastructure,Energy,39.16173404,-4.397198722,"(-4.397198722, 39.16173404)"
KILIFI,Urban,42.4%,1%,21.4%,33.7%,0.3%,0.1%,0.4%,0.8%,28079,11898,283,5998,9453,88,40,99,220,COAST,Kilifi,Table 10b: Urban Households by main type of Lighting Fuel,Physical Infrastructure,Energy,39.60114414,-3.494969907,"(-3.494969907, 39.60114414)"
KALOLENI,Urban,36.8%,1%,21.5%,39%,0.5%,0.2%,0.6%,0.5%,9534,3512,92,2054,3714,43,18,56,45,COAST,Kilifi,Table 10b: Urban Households by main type of Lighting Fuel,Physical Infrastructure,Energy,39.54477529,-3.768179495,"(-3.768179495, 39.54477529)"
MALINDI,Urban,37.7%,1.8%,23.4%,35.1%,0.5%,0.5%,0.3%,0.6%,34626,13059,619,8117,12166,172,157,117,219,COAST,Kilifi,Table 10b: Urban Households by main type of Lighting Fuel,Physical Infrastructure,Energy,39.74330931,-2.934879654,"(-2.934879654, 39.74330931)"
TANA RIVER,Urban,10%,0.3%,36.2%,49.8%,1%,1.1%,1.2%,0.3%,7235,727,21,2618,3601,74,82,88,24,COAST,Tana River,Table 10b: Urban Households by main type of Lighting Fuel,Physical Infrastructure,Energy,39.34922935,-0.942366175,"(-0.942366175, 39.34922935)"
TANA DELTA,Urban,10.9%,0.5%,53.7%,31.8%,0.2%,1.4%,0%,1.6%,644,70,3,346,205,1,9,0,10,COAST,Tana River,Table 10b: Urban Households by main type of Lighting Fuel,Physical Infrastructure,Energy,39.51654731,-2.317407934,"(-2.317407934, 39.51654731)"
LAMU,Urban,62.8%,1.3%,16.1%,17.2%,0.4%,0.4%,0.9%,0.9%,4793,3008,61,772,825,20,21,42,44,COAST,Lamu,Table 10b: Urban Households by main type of Lighting Fuel,Physical Infrastructure,Energy,40.74388079,-2.018858269,"(-2.018858269, 40.74388079)"
TAITA,Urban,36%,1%,46.6%,14.5%,0.3%,0.1%,1.1%,0.5%,12796,4607,129,5968,1850,33,10,136,63,COAST,Taita Taveta,Table 10b: Urban Households by main type of Lighting Fuel,Physical Infrastructure,Energy,38.56492447,-3.416968032,"(-3.416968032, 38.56492447)"
TAVETA,Urban,34.7%,0.9%,33.1%,29.9%,0.2%,0.2%,0.7%,0.3%,5542,1921,51,1834,1658,9,12,40,17,COAST,Taita Taveta,Table 10b: Urban Households by main type of Lighting Fuel,Physical Infrastructure,Energy,37.97519351,-3.41452877,"(-3.41452877, 37.97519351)"
MARSABIT,Urban,3.4%,0.5%,46.3%,32.2%,2.5%,13%,1.3%,0.9%,6558,224,31,3036,2112,163,854,82,56,EASTERN,Marsabit,Table 10b: Urban Households by main type of Lighting Fuel,Physical Infrastructure,Energy,37.94495682,2.350360288,"(2.350360288, 37.94495682)"
CHALBI,Urban,0.1%,0.1%,8.1%,4.5%,2.1%,69.3%,1.3%,14.5%,15586,14,8,1265,707,332,10803,197,2260,EASTERN,Marsabit,Table 10b: Urban Households by main type of Lighting Fuel,Physical Infrastructure,Energy,37.36288736,3.399917155,"(3.399917155, 37.36288736)"
LAISAMIS,Urban,0.1%,0%,7.8%,2.5%,0.5%,85.8%,1.3%,2.1%,13248,7,3,1036,325,65,11362,174,276,EASTERN,Marsabit,Table 10b: Urban Households by main type of Lighting Fuel,Physical Infrastructure,Energy,37.48344825,2.238105939,"(2.238105939, 37.48344825)"
MOYALE,Urban,0.4%,0.1%,35.3%,22.3%,4.6%,36.5%,0.4%,0.5%,9752,36,7,3445,2172,452,3555,35,50,EASTERN,Marsabit,Table 10b: Urban Households by main type of Lighting Fuel,Physical Infrastructure,Energy,38.80269655,3.117620629,"(3.117620629, 38.80269655)"
ISIOLO,Urban,4.4%,0.1%,19.3%,20.7%,2.4%,48.4%,0.9%,3.8%,9745,429,5,1881,2021,234,4713,91,371,EASTERN,Isiolo,Table 10b: Urban Households by main type of Lighting Fuel,Physical Infrastructure,Energy,38.46170147,1.255057085,"(1.255057085, 38.46170147)"
GARBATULLA,Urban,0.1%,0.1%,43.6%,11.5%,0.8%,34.3%,0.9%,8.6%,7076,10,9,3084,817,59,2427,65,605,EASTERN,Isiolo,Table 10b: Urban Households by main type of Lighting Fuel,Physical Infrastructure,Energy,38.65180184,0.627639147,"(0.627639147, 38.65180184)"
MERU CENTRAL,Urban,14.5%,0.7%,37.5%,35.9%,0.6%,0.9%,9.7%,0.2%,37209,5386,242,13967,13360,227,332,3615,80,EASTERN,Meru,Table 10b: Urban Households by main type of Lighting Fuel,Physical Infrastructure,Energy,37.58330732,0.001443681,"(0.001443681, 37.58330732)"
IMENTI NORTH,Urban,12.4%,0.7%,42.3%,33.4%,1.1%,1.1%,8.9%,0.3%,51419,6354,341,21745,17167,556,541,4570,145,EASTERN,Meru,Table 10b: Urban Households by main type of Lighting Fuel,Physical Infrastructure,Energy,37.43552549,0.083380846,"(0.083380846, 37.43552549)"
IMENTI SOUTH,Urban,11.6%,0.8%,33.2%,45.2%,0.6%,0.9%,7.3%,0.3%,42793,4969,357,14227,19331,255,378,3128,148,EASTERN,Meru,Table 10b: Urban Households by main type of Lighting Fuel,Physical Infrastructure,Energy,37.60133849,-0.122681965,"(-0.122681965, 37.60133849)"
MERU SOUTH,Urban,4.8%,0.2%,34.3%,51.7%,0.6%,3%,4.9%,0.5%,21157,1013,45,7254,10936,120,627,1046,116,EASTERN,Meru,Table 10b: Urban Households by main type of Lighting Fuel,Physical Infrastructure,Energy,37.67297626,-0.330686401,"(-0.330686401, 37.67297626)"
MAARA,Urban,5.3%,0.3%,36%,50.4%,0.7%,1.3%,5.7%,0.2%,19509,1029,67,7018,9833,140,254,1121,47,EASTERN,Meru,Table 10b: Urban Households by main type of Lighting Fuel,Physical Infrastructure,Energy,37.62522793,-0.228019729,"(-0.228019729, 37.62522793)"
IGEMBE,Urban,3.7%,0.5%,23.6%,64.2%,1%,3.5%,3%,0.5%,91130,3342,487,21526,58499,908,3147,2729,492,EASTERN,Meru,Table 10b: Urban Households by main type of Lighting Fuel,Physical Infrastructure,Energy,38.05720532,0.303772382,"(0.303772382, 38.05720532)"
TIGANIA,Urban,3.4%,0.5%,16.1%,71.8%,0.7%,2.3%,4.9%,0.3%,61666,2080,279,9902,44300,445,1432,3043,185,EASTERN,Meru,Table 10b: Urban Households by main type of Lighting Fuel,Physical Infrastructure,Energy,37.77333779,0.256927453,"(0.256927453, 37.77333779)"
THARAKA,Urban,1.8%,0.3%,13.5%,67.5%,0.6%,6.3%,8.8%,1.2%,25227,461,84,3415,17023,140,1593,2210,301,EASTERN,Tharaka Nithi,Table 10b: Urban Households by main type of Lighting Fuel,Physical Infrastructure,Energy,38.01828449,-0.136787024,"(-0.136787024, 38.01828449)"
EMBU,Urban,10.1%,0.9%,37.2%,47.3%,0.6%,0.6%,3.3%,0.2%,56173,5671,500,20909,26547,321,312,1826,87,EASTERN,Embu,Table 10b: Urban Households by main type of Lighting Fuel,Physical Infrastructure,Energy,37.50475286,-0.409100139,"(-0.409100139, 37.50475286)"
MBEERE,Urban,4.2%,0.6%,38.5%,49.4%,0.6%,1.4%,4.6%,0.8%,50579,2116,281,19476,24973,310,689,2322,412,EASTERN,Embu,Table 10b: Urban Households by main type of Lighting Fuel,Physical Infrastructure,Energy,37.66541038,-0.666137176,"(-0.666137176, 37.66541038)"
KITUI,Urban,1.6%,0.7%,53.3%,36.2%,0.7%,3.9%,3.2%,0.4%,67254,1049,442,35834,24343,492,2653,2160,281,EASTERN,Kitui,Table 10b: Urban Households by main type of Lighting Fuel,Physical Infrastructure,Energy,38.30094003,-1.392710301,"(-1.392710301, 38.30094003)"
MUTOMO,Urban,0.4%,0.5%,51.5%,39.9%,0.6%,5.4%,1.5%,0.3%,32427,115,154,16693,12945,191,1742,490,97,EASTERN,Kitui,Table 10b: Urban Households by main type of Lighting Fuel,Physical Infrastructure,Energy,38.53912323,-2.179047638,"(-2.179047638, 38.53912323)"
MWINGI,Urban,1%,0.5%,60.8%,27.6%,0.7%,4.5%,4.2%,0.7%,45445,439,226,27619,12548,334,2063,1909,307,EASTERN,Kitui,Table 10b: Urban Households by main type of Lighting Fuel,Physical Infrastructure,Energy,38.36852014,-0.907180566,"(-0.907180566, 38.36852014)"
KYUSO,Urban,1.2%,0.6%,58.6%,21.2%,0.8%,13.9%,2.2%,1.4%,26498,313,170,15541,5618,218,3672,593,373,EASTERN,Kitui,Table 10b: Urban Households by main type of Lighting Fuel,Physical Infrastructure,Energy,38.27042885,-0.440861626,"(-0.440861626, 38.27042885)"
MACHAKOS,Urban,4%,0.7%,66.2%,24.7%,0.5%,0.2%,3.4%,0.2%,33559,1350,243,22219,8304,172,72,1130,69,EASTERN,Machakos,Table 10b: Urban Households by main type of Lighting Fuel,Physical Infrastructure,Energy,37.16409824,-1.50054564,"(-1.50054564, 37.16409824)"
MWALA,Urban,2.5%,0.7%,58.8%,33%,0.7%,0.2%,3.9%,0.2%,33760,858,220,19836,11140,245,79,1308,74,EASTERN,Machakos,Table 10b: Urban Households by main type of Lighting Fuel,Physical Infrastructure,Energy,37.52391049,-1.399783931,"(-1.399783931, 37.52391049)"
YATTA,Urban,3.5%,0.2%,61.5%,31%,0.4%,0.4%,2.8%,0.2%,46905,1625,108,28833,14527,190,185,1335,102,EASTERN,Machakos,Table 10b: Urban Households by main type of Lighting Fuel,Physical Infrastructure,Energy,37.60220541,-1.060809489,"(-1.060809489, 37.60220541)"
KANGUNDO,Urban,,,,,,,,,0,0,0,0,0,0,0,0,0,EASTERN,Machakos,Table 10b: Urban Households by main type of Lighting Fuel,Physical Infrastructure,Energy,37.27203719,-1.237582196,"(-1.237582196, 37.27203719)"
POKOT NORTH,Urban,,,,,,,,,0,0,0,0,0,0,0,0,0,RIFT VALLEY,West Pokot,Table 10a: Rural Households by main type of Lighting Fuel,Physical Infrastructure,Energy,35.10600361,2.039330692,"(2.039330692, 35.10600361)"
MAKUENI,Urban,2%,0.4%,69.4%,22.4%,0.5%,0.6%,4.7%,0.1%,36541,725,130,25354,8180,173,210,1725,44,EASTERN,Makueni,Table 10b: Urban Households by main type of Lighting Fuel,Physical Infrastructure,Energy,37.67253055,-1.881125246,"(-1.881125246, 37.67253055)"
MBOONI,Urban,1.7%,0.5%,62.5%,30%,0.4%,0.4%,4.4%,0.1%,36765,623,198,22968,11023,140,155,1610,48,EASTERN,Makueni,Table 10b: Urban Households by main type of Lighting Fuel,Physical Infrastructure,Energy,37.60666503,-1.649117358,"(-1.649117358, 37.60666503)"
KIBWEZI,Urban,4.1%,0.4%,56.6%,33.9%,0.5%,0.7%,3.5%,0.3%,45843,1861,173,25955,15563,224,323,1590,154,EASTERN,Makueni,Table 10b: Urban Households by main type of Lighting Fuel,Physical Infrastructure,Energy,38.02538524,-2.468788914,"(-2.468788914, 38.02538524)"
NZAUI,Urban,2.7%,0.3%,71.9%,19.8%,0.6%,0.9%,3.6%,0.2%,40654,1105,140,29247,8041,229,360,1447,85,EASTERN,Makueni,Table 10b: Urban Households by main type of Lighting Fuel,Physical Infrastructure,Energy,37.41612392,-1.928374635,"(-1.928374635, 37.41612392)"
MARSABIT,Urban,47.3%,0.1%,24.3%,19%,6.7%,0.1%,1%,1.5%,3447,1630,3,837,655,232,4,33,53,EASTERN,Marsabit,Table 10b: Urban Households by main type of Lighting Fuel,Physical Infrastructure,Energy,37.94495682,2.350360288,"(2.350360288, 37.94495682)"
CHALBI,Urban,,,,,,,,,0,0,0,0,0,0,0,0,0,EASTERN,Marsabit,Table 10b: Urban Households by main type of Lighting Fuel,Physical Infrastructure,Energy,37.36288736,3.399917155,"(3.399917155, 37.36288736)"
LAISAMIS,Urban,0.5%,0.1%,28.4%,4.1%,0.5%,49%,6.2%,11.3%,1494,8,1,424,61,7,732,92,169,EASTERN,Marsabit,Table 10b: Urban Households by main type of Lighting Fuel,Physical Infrastructure,Energy,37.48344825,2.238105939,"(2.238105939, 37.48344825)"
MOYALE,Urban,34.1%,0.2%,44.4%,13.4%,6%,0.7%,0.9%,0.2%,6856,2339,16,3041,921,414,45,65,15,EASTERN,Marsabit,Table 10b: Urban Households by main type of Lighting Fuel,Physical Infrastructure,Energy,38.80269655,3.117620629,"(3.117620629, 38.80269655)"
ISIOLO,Urban,41.7%,0.8%,29.4%,22.9%,2.9%,0.4%,1.6%,0.2%,12718,5309,97,3742,2915,368,56,205,26,EASTERN,Isiolo,Table 10b: Urban Households by main type of Lighting Fuel,Physical Infrastructure,Energy,38.46170147,1.255057085,"(1.255057085, 38.46170147)"
GARBATULLA,Urban,2.9%,2.4%,58.4%,20.1%,6.7%,4.9%,3.8%,0.7%,1787,52,43,1044,360,120,87,68,13,EASTERN,Isiolo,Table 10b: Urban Households by main type of Lighting Fuel,Physical Infrastructure,Energy,38.65180184,0.627639147,"(0.627639147, 38.65180184)"
IMENTI NORTH,Urban,63.7%,0.9%,18.3%,14.7%,0.5%,0.3%,1.1%,0.4%,21881,13949,205,4015,3217,101,66,245,83,EASTERN,Meru,Table 10b: Urban Households by main type of Lighting Fuel,Physical Infrastructure,Energy,37.43552549,0.083380846,"(0.083380846, 37.43552549)"
IMENTI SOUTH,Urban,63.2%,0.8%,22.5%,10.9%,0.3%,0.2%,1%,1.1%,4404,2782,34,989,480,15,9,45,50,EASTERN,Meru,Table 10b: Urban Households by main type of Lighting Fuel,Physical Infrastructure,Energy,37.60133849,-0.122681965,"(-0.122681965, 37.60133849)"
MERU SOUTH,Urban,23.3%,0.8%,39.5%,28.2%,0.8%,0.9%,5.9%,0.6%,12102,2816,91,4778,3408,102,110,719,78,EASTERN,Meru,Table 10b: Urban Households by main type of Lighting Fuel,Physical Infrastructure,Energy,37.67297626,-0.330686401,"(-0.330686401, 37.67297626)"
MAARA,Urban,20.1%,0.7%,59.9%,11.2%,0.6%,0.5%,6.6%,0.5%,8642,1733,61,5176,967,48,46,572,39,EASTERN,Meru,Table 10b: Urban Households by main type of Lighting Fuel,Physical Infrastructure,Energy,37.62522793,-0.228019729,"(-0.228019729, 37.62522793)"
IGEMBE,Urban,50.2%,2.1%,24.9%,19%,1.2%,0.9%,1.1%,0.6%,8160,4094,175,2030,1553,95,72,89,52,EASTERN,Meru,Table 10b: Urban Households by main type of Lighting Fuel,Physical Infrastructure,Energy,38.05720532,0.303772382,"(0.303772382, 38.05720532)"
TIGANIA,Urban,47.9%,0.4%,33.4%,15.4%,0.6%,0.1%,1.7%,0.4%,954,457,4,319,147,6,1,16,4,EASTERN,Meru,Table 10b: Urban Households by main type of Lighting Fuel,Physical Infrastructure,Energy,37.77333779,0.256927453,"(0.256927453, 37.77333779)"
THARAKA,Urban,16.9%,0.4%,17.8%,54.1%,0.6%,2.7%,4.5%,3%,2166,365,9,386,1171,14,59,97,65,EASTERN,Tharaka Nithi,Table 10b: Urban Households by main type of Lighting Fuel,Physical Infrastructure,Energy,38.01828449,-0.136787024,"(-0.136787024, 38.01828449)"
EMBU,Urban,47.5%,0.8%,24.7%,24%,0.6%,0.5%,1.5%,0.5%,23965,11386,199,5910,5758,134,113,353,112,EASTERN,Embu,Table 10b: Urban Households by main type of Lighting Fuel,Physical Infrastructure,Energy,37.50475286,-0.409100139,"(-0.409100139, 37.50475286)"
MBEERE,Urban,45.3%,1.2%,22.5%,26.6%,1.3%,0%,1.4%,1.6%,966,438,12,217,257,13,0,14,15,EASTERN,Embu,Table 10b: Urban Households by main type of Lighting Fuel,Physical Infrastructure,Energy,37.66541038,-0.666137176,"(-0.666137176, 37.66541038)"
KITUI,Urban,17.9%,0.6%,49.2%,28.2%,0.5%,0.5%,2.9%,0.2%,27526,4940,152,13551,7760,126,148,793,56,EASTERN,Kitui,Table 10b: Urban Households by main type of Lighting Fuel,Physical Infrastructure,Energy,38.30094003,-1.392710301,"(-1.392710301, 38.30094003)"
MUTOMO,Urban,2.8%,2.6%,58.6%,23.2%,0.2%,0.9%,2.8%,9%,469,13,12,275,109,1,4,13,42,EASTERN,Kitui,Table 10b: Urban Households by main type of Lighting Fuel,Physical Infrastructure,Energy,38.53912323,-2.179047638,"(-2.179047638, 38.53912323)"
MWINGI,Urban,51.3%,0.6%,24.5%,20.2%,0.2%,0.5%,0.7%,2%,5522,2832,31,1355,1114,10,28,40,112,EASTERN,Kitui,Table 10b: Urban Households by main type of Lighting Fuel,Physical Infrastructure,Energy,38.36852014,-0.907180566,"(-0.907180566, 38.36852014)"
KYUSO,Urban,42.6%,1.4%,48.3%,3.7%,0%,0.3%,1.1%,2.6%,350,149,5,169,13,0,1,4,9,EASTERN,Kitui,Table 10b: Urban Households by main type of Lighting Fuel,Physical Infrastructure,Energy,38.27042885,-0.440861626,"(-0.440861626, 38.27042885)"
MACHAKOS,Urban,38.7%,1%,40.8%,17%,0.3%,0.1%,1.3%,0.8%,84314,32653,852,34391,14309,256,96,1123,634,EASTERN,Machakos,Table 10b: Urban Households by main type of Lighting Fuel,Physical Infrastructure,Energy,37.16409824,-1.50054564,"(-1.50054564, 37.16409824)"
MWALA,Urban,52.4%,0.3%,26.8%,19.3%,0.1%,0%,0.5%,0.7%,1833,960,6,491,353,1,0,10,12,EASTERN,Machakos,Table 10b: Urban Households by main type of Lighting Fuel,Physical Infrastructure,Energy,37.52391049,-1.399783931,"(-1.399783931, 37.52391049)"
YATTA,Urban,19.7%,0.6%,52.2%,23.9%,0.5%,0.2%,2.3%,0.5%,13307,2625,77,6942,3183,72,25,311,72,EASTERN,Machakos,Table 10b: Urban Households by main type of Lighting Fuel,Physical Infrastructure,Energy,37.60220541,-1.060809489,"(-1.060809489, 37.60220541)"
KANGUNDO,Urban,9.8%,0.7%,60.6%,24%,0.8%,0.2%,3.5%,0.4%,50822,4996,340,30811,12183,419,108,1756,209,EASTERN,Machakos,Table 10b: Urban Households by main type of Lighting Fuel,Physical Infrastructure,Energy,37.27203719,-1.237582196,"(-1.237582196, 37.27203719)"
MAKUENI,Urban,13.3%,0.5%,66.5%,14.7%,0.4%,0.4%,3.8%,0.5%,15463,2055,83,10278,2270,60,63,581,73,EASTERN,Makueni,Table 10b: Urban Households by main type of Lighting Fuel,Physical Infrastructure,Energy,37.67253055,-1.881125246,"(-1.881125246, 37.67253055)"
MBOONI,Urban,45.4%,4.5%,37.4%,12.5%,0%,0.2%,0%,0%,537,244,24,201,67,0,1,0,0,EASTERN,Makueni,Table 10b: Urban Households by main type of Lighting Fuel,Physical Infrastructure,Energy,37.60666503,-1.649117358,"(-1.649117358, 37.60666503)"
KIBWEZI,Urban,40.7%,0.6%,36.4%,21.1%,0.1%,0.1%,0.6%,0.3%,7136,2905,45,2599,1507,8,8,44,20,EASTERN,Makueni,Table 10b: Urban Households by main type of Lighting Fuel,Physical Infrastructure,Energy,38.02538524,-2.468788914,"(-2.468788914, 38.02538524)"
NZAUI,Urban,39.4%,0.6%,39.2%,16.8%,0.7%,0.5%,0.1%,2.6%,3539,1394,23,1389,594,25,16,5,93,EASTERN,Makueni,Table 10b: Urban Households by main type of Lighting Fuel,Physical Infrastructure,Energy,37.41612392,-1.928374635,"(-1.928374635, 37.41612392)"
NAIROBI WEST,Urban,,,,,,,,,0,0,0,0,0,0,0,0,0,NAIROBI,Nairobi,Table 10b: Urban Households by main type of Lighting Fuel,Physical Infrastructure,Energy,36.79920201,-1.341174727,"(-1.341174727, 36.79920201)"
NAIROBI EAST,Urban,,,,,,,,,0,0,0,0,0,0,0,0,0,NAIROBI,Nairobi,Table 10b: Urban Households by main type of Lighting Fuel,Physical Infrastructure,Energy,36.967484,-1.274861358,"(-1.274861358, 36.967484)"
NAIROBI NORTH,Urban,,,,,,,,,0,0,0,0,0,0,0,0,0,NAIROBI,Nairobi,Table 10b: Urban Households by main type of Lighting Fuel,Physical Infrastructure,Energy,36.8911257,-1.225618057,"(-1.225618057, 36.8911257)"
WESTLANDS,Urban,,,,,,,,,0,0,0,0,0,0,0,0,0,NAIROBI,Nairobi,Table 10b: Urban Households by main type of Lighting Fuel,Physical Infrastructure,Energy,36.7882561,-1.246976295,"(-1.246976295, 36.7882561)"
NAIROBI WEST,Urban,66.5%,0.8%,13.5%,18.3%,0.1%,0.1%,0.1%,0.6%,212295,141173,1761,28616,38924,278,160,205,1178,NAIROBI,Nairobi,Table 10b: Urban Households by main type of Lighting Fuel,Physical Infrastructure,Energy,36.79920201,-1.341174727,"(-1.341174727, 36.79920201)"
NAIROBI EAST,Urban,71.4%,1.2%,14.7%,11.4%,0.1%,0.1%,0.1%,0.9%,369866,264200,4508,54288,42268,521,233,491,3357,NAIROBI,Nairobi,Table 10b: Urban Households by main type of Lighting Fuel,Physical Infrastructure,Energy,36.967484,-1.274861358,"(-1.274861358, 36.967484)"
NAIROBI NORTH,Urban,75.7%,1.1%,11.6%,10.6%,0.1%,0.1%,0.1%,0.7%,327428,247903,3617,38143,34715,348,187,237,2278,NAIROBI,Nairobi,Table 10b: Urban Households by main type of Lighting Fuel,Physical Infrastructure,Energy,36.8911257,-1.225618057,"(-1.225618057, 36.8911257)"
WESTLANDS,Urban,79%,0.6%,9.4%,10.1%,0.1%,0.1%,0.1%,0.6%,75427,59583,438,7126,7644,104,42,59,431,NAIROBI,Nairobi,Table 10b: Urban Households by main type of Lighting Fuel,Physical Infrastructure,Energy,36.7882561,-1.246976295,"(-1.246976295, 36.7882561)"
GARISSA,Urban,0.3%,0.1%,18.1%,37.7%,9.4%,19.9%,0.1%,14.4%,11189,36,11,2020,4218,1054,2223,15,1612,NORTH EASTERN,Garissa,Table 10b: Urban Households by main type of Lighting Fuel,Physical Infrastructure,Energy,39.56855753,-0.051825797,"(-0.051825797, 39.56855753)"
LAGDERA,Urban,0.5%,0.7%,20%,25.7%,26.2%,17.5%,0.2%,9.2%,35534,195,244,7104,9125,9324,6203,61,3278,NORTH EASTERN,Garissa,Table 10b: Urban Households by main type of Lighting Fuel,Physical Infrastructure,Energy,39.89717479,0.288065622,"(0.288065622, 39.89717479)"
FAFI,Urban,0.7%,1%,24.9%,41.4%,15.8%,5.1%,0.3%,10.8%,15583,112,158,3877,6447,2461,788,52,1688,NORTH EASTERN,Garissa,Table 10b: Urban Households by main type of Lighting Fuel,Physical Infrastructure,Energy,40.43908059,-0.687063677,"(-0.687063677, 40.43908059)"
IJARA,Urban,0.1%,0.2%,16.5%,73.7%,4.7%,3.9%,0.1%,0.9%,10701,7,20,1761,7884,506,412,15,96,NORTH EASTERN,Garissa,Table 10b: Urban Households by main type of Lighting Fuel,Physical Infrastructure,Energy,40.73455516,-1.427885086,"(-1.427885086, 40.73455516)"
WAJIR SOUTH,Urban,0.1%,0%,26.5%,11.6%,14.6%,24.9%,0.2%,22.2%,17030,14,8,4507,1970,2489,4232,31,3779,NORTH EASTERN,Wajir,Table 10b: Urban Households by main type of Lighting Fuel,Physical Infrastructure,Energy,40.34314459,0.974263337,"(0.974263337, 40.34314459)"
WAJIR NORTH,Urban,0%,0.1%,24.9%,21.9%,8.6%,42.5%,0.3%,1.6%,17592,6,25,4378,3855,1519,7474,47,288,NORTH EASTERN,Wajir,Table 10b: Urban Households by main type of Lighting Fuel,Physical Infrastructure,Energy,39.5873795,2.931162031,"(2.931162031, 39.5873795)"
WAJIR EAST,Urban,0%,0.1%,36%,4.1%,5.9%,48.3%,0.2%,5.5%,18414,8,13,6631,750,1080,8895,31,1006,NORTH EASTERN,Wajir,Table 10b: Urban Households by main type of Lighting Fuel,Physical Infrastructure,Energy,40.36685178,2.195672158,"(2.195672158, 40.36685178)"
WAJIR WEST,Urban,0.1%,0%,30.5%,27.6%,10.2%,25.9%,0.1%,5.6%,20716,13,7,6311,5721,2121,5360,24,1159,NORTH EASTERN,Wajir,Table 10b: Urban Households by main type of Lighting Fuel,Physical Infrastructure,Energy,39.5240015,1.920164855,"(1.920164855, 39.5240015)"
MANDERA CENTRAL,Urban,0.1%,0.1%,28.4%,12.4%,9%,47.3%,0.2%,2.6%,42017,42,31,11925,5211,3766,19884,67,1091,NORTH EASTERN,Mandera,Table 10b: Urban Households by main type of Lighting Fuel,Physical Infrastructure,Energy,40.72748791,3.226535113,"(3.226535113, 40.72748791)"
MANDERA EAST,Urban,0.5%,0.1%,33.7%,12.6%,15.9%,26.5%,0.2%,10.5%,25892,129,33,8716,3263,4111,6862,51,2727,NORTH EASTERN,Mandera,Table 10b: Urban Households by main type of Lighting Fuel,Physical Infrastructure,Energy,41.29294811,3.521529392,"(3.521529392, 41.29294811)"
MANDERA WEST,Urban,0.1%,0.2%,33.6%,10.3%,4.7%,50.3%,0.2%,0.7%,34273,26,59,11523,3523,1600,17247,64,231,NORTH EASTERN,Mandera,Table 10b: Urban Households by main type of Lighting Fuel,Physical Infrastructure,Energy,40.2334622,3.593363344,"(3.593363344, 40.2334622)"
GARISSA,Urban,52.2%,0.5%,16.9%,14.2%,13%,2.5%,0.3%,0.4%,20929,10920,110,3538,2964,2730,522,53,92,NORTH EASTERN,Garissa,Table 10b: Urban Households by main type of Lighting Fuel,Physical Infrastructure,Energy,39.56855753,-0.051825797,"(-0.051825797, 39.56855753)"
LAGDERA,Urban,4.3%,0.2%,47.8%,8.2%,31.4%,4.7%,1.5%,2%,1849,80,3,883,151,580,87,28,37,NORTH EASTERN,Garissa,Table 10b: Urban Households by main type of Lighting Fuel,Physical Infrastructure,Energy,39.89717479,0.288065622,"(0.288065622, 39.89717479)"
FAFI,Urban,0%,0%,81.3%,4%,12.3%,0%,2.1%,0.3%,326,0,0,265,13,40,0,7,1,NORTH EASTERN,Garissa,Table 10b: Urban Households by main type of Lighting Fuel,Physical Infrastructure,Energy,40.43908059,-0.687063677,"(-0.687063677, 40.43908059)"
IJARA,Urban,2.2%,0.2%,33.2%,33.9%,23.5%,0.6%,5.4%,0.9%,2479,55,6,824,840,582,16,133,23,NORTH EASTERN,Garissa,Table 10b: Urban Households by main type of Lighting Fuel,Physical Infrastructure,Energy,40.73455516,-1.427885086,"(-1.427885086, 40.73455516)"
WAJIR SOUTH,Urban,18.7%,0.9%,35.4%,1.4%,37.6%,0.4%,0.3%,5.3%,1474,275,14,522,20,554,6,5,78,NORTH EASTERN,Wajir,Table 10b: Urban Households by main type of Lighting Fuel,Physical Infrastructure,Energy,40.34314459,0.974263337,"(0.974263337, 40.34314459)"
WAJIR NORTH,Urban,,,,,,,,,0,0,0,0,0,0,0,0,0,NORTH EASTERN,Wajir,Table 10b: Urban Households by main type of Lighting Fuel,Physical Infrastructure,Energy,39.5873795,2.931162031,"(2.931162031, 39.5873795)"
WAJIR EAST,Urban,20.9%,0.2%,40.8%,19.5%,15.8%,2.5%,0.1%,0.3%,12689,2656,31,5171,2470,1999,312,13,37,NORTH EASTERN,Wajir,Table 10b: Urban Households by main type of Lighting Fuel,Physical Infrastructure,Energy,40.36685178,2.195672158,"(2.195672158, 40.36685178)"
WAJIR WEST,Urban,10.2%,0%,61.2%,24.6%,0.8%,2.6%,0.6%,0.2%,659,67,0,403,162,5,17,4,1,NORTH EASTERN,Wajir,Table 10b: Urban Households by main type of Lighting Fuel,Physical Infrastructure,Energy,39.5240015,1.920164855,"(1.920164855, 39.5240015)"
MANDERA CENTRAL,Urban,3%,0.5%,45.5%,18.1%,20%,11.5%,0.5%,0.9%,8209,248,44,3733,1489,1641,940,43,71,NORTH EASTERN,Mandera,Table 10b: Urban Households by main type of Lighting Fuel,Physical Infrastructure,Energy,40.72748791,3.226535113,"(3.226535113, 40.72748791)"
MANDERA EAST,Urban,21.9%,0.8%,24.5%,27.5%,21.5%,1.8%,0.4%,1.7%,12580,2749,95,3082,3459,2707,225,51,212,NORTH EASTERN,Mandera,Table 10b: Urban Households by main type of Lighting Fuel,Physical Infrastructure,Energy,41.29294811,3.521529392,"(3.521529392, 41.29294811)"
MANDERA WEST,Urban,0.2%,0.4%,92.7%,1.7%,0.8%,3.2%,0.7%,0.3%,2526,4,9,2342,44,20,82,17,8,NORTH EASTERN,Mandera,Table 10b: Urban Households by main type of Lighting Fuel,Physical Infrastructure,Energy,40.2334622,3.593363344,"(3.593363344, 40.2334622)"
SIAYA,Urban,2.7%,0.4%,16.7%,78.6%,0.5%,0.2%,0.8%,0.1%,120471,3311,440,20133,94705,566,266,976,74,NYANZA,Siaya,Table 10b: Urban Households by main type of Lighting Fuel,Physical Infrastructure,Energy,34.3043068,0.11399015,"(0.11399015, 34.3043068)"
BONDO,Urban,1.2%,0.5%,25.7%,70.7%,0.4%,0.2%,1.2%,0.2%,26023,302,118,6700,18387,108,50,307,51,NYANZA,Siaya,Table 10b: Urban Households by main type of Lighting Fuel,Physical Infrastructure,Energy,34.19064437,-0.09212788,"(-0.09212788, 34.19064437)"
RARIEDA,Urban,2%,0.4%,24.8%,70.9%,0.4%,0.3%,1.1%,0.2%,30178,604,129,7485,21384,120,85,325,46,NYANZA,Siaya,Table 10b: Urban Households by main type of Lighting Fuel,Physical Infrastructure,Energy,34.33792037,-0.218940047,"(-0.218940047, 34.33792037)"
KISUMU EAST,Urban,5.5%,0.4%,20.6%,71.6%,0.5%,0.2%,1.1%,0%,18041,999,77,3714,12925,99,28,196,3,NYANZA,Kisumu,Table 10b: Urban Households by main type of Lighting Fuel,Physical Infrastructure,Energy,34.80473358,-0.103412297,"(-0.103412297, 34.80473358)"
KISUMU WEST,Urban,3.5%,0.4%,19.4%,74.9%,0.5%,0.2%,1.1%,0%,31608,1119,125,6121,23663,147,67,355,11,NYANZA,Kisumu,Table 10b: Urban Households by main type of Lighting Fuel,Physical Infrastructure,Energy,34.53285818,-0.087587476,"(-0.087587476, 34.53285818)"
NYANDO,Urban,2%,0.6%,23.9%,70.4%,0.6%,0.4%,1.9%,0.1%,52448,1047,339,12538,36924,336,213,982,69,NYANZA,Kisumu,Table 10b: Urban Households by main type of Lighting Fuel,Physical Infrastructure,Energy,35.02991504,-0.198538171,"(-0.198538171, 35.02991504)"
HOMABAY,Urban,1.7%,0.4%,14.4%,81.9%,0.5%,0.4%,0.6%,0.1%,65649,1094,268,9449,53783,331,290,383,51,NYANZA,Homa Bay,Table 10b: Urban Households by main type of Lighting Fuel,Physical Infrastructure,Energy,34.44445584,-0.667961724,"(-0.667961724, 34.44445584)"
SUBA,Urban,0.5%,0.4%,22.2%,74.6%,0.3%,0.7%,1.1%,0.1%,40405,218,155,8990,30128,137,287,455,35,NYANZA,Homa Bay,Table 10b: Urban Households by main type of Lighting Fuel,Physical Infrastructure,Energy,34.20665004,-0.582416527,"(-0.582416527, 34.20665004)"
RACHUONYO,Urban,1.6%,0.4%,22%,73.7%,0.7%,0.3%,1.3%,0.1%,67930,1065,290,14945,50058,448,188,893,43,NYANZA,Homa Bay,Table 10b: Urban Households by main type of Lighting Fuel,Physical Infrastructure,Energy,34.70386182,-0.43493606,"(-0.43493606, 34.70386182)"
MIGORI,Urban,0.9%,0.4%,21.7%,75.3%,0.5%,0.5%,0.7%,0.1%,51951,451,212,11249,39098,244,267,380,50,NYANZA,Migori,Table 10b: Urban Households by main type of Lighting Fuel,Physical Infrastructure,Energy,34.30280979,-0.994047994,"(-0.994047994, 34.30280979)"
RONGO,Urban,1.8%,0.5%,17.4%,78.3%,0.7%,0.2%,0.9%,0%,26880,492,134,4682,21055,200,60,244,13,NYANZA,Migori,Table 10b: Urban Households by main type of Lighting Fuel,Physical Infrastructure,Energy,34.51455638,-0.877791282,"(-0.877791282, 34.51455638)"
KURIA WEST,Urban,1.2%,0.4%,28.6%,67.3%,0.6%,1.4%,0.4%,0.1%,21501,259,93,6152,14477,130,291,85,14,NYANZA,Migori,Table 10a: Rural Households by main type of Lighting Fuel,Physical Infrastructure,Energy,34.51983447,-1.18554383,"(-1.18554383, 34.51983447)"
KURIA EAST,Urban,0.3%,0.4%,32%,63.6%,0.7%,2%,0.8%,0.1%,13513,45,55,4326,8596,99,265,112,15,NYANZA,Migori,Table 10a: Rural Households by main type of Lighting Fuel,Physical Infrastructure,Energy,34.65699509,-1.279753411,"(-1.279753411, 34.65699509)"
KISII CENTRAL,Urban,4.9%,0.4%,31.9%,60.7%,0.6%,0.2%,1.2%,0.1%,60739,2985,238,19365,36869,388,121,703,70,NYANZA,Kisii,Table 10a: Rural Households by main type of Lighting Fuel,Physical Infrastructure,Energy,34.79181187,-0.589287405,"(-0.589287405, 34.79181187)"
KISII SOUTH,Urban,2.7%,0.1%,14.3%,81.3%,0.6%,0.3%,0.5%,0.1%,11355,312,12,1627,9232,66,39,60,7,NYANZA,Kisii,Table 10a: Rural Households by main type of Lighting Fuel,Physical Infrastructure,Energy,34.6895693,-0.664610487,"(-0.664610487, 34.6895693)"
MASABA,Urban,2.8%,0.4%,37.4%,57.6%,0.5%,0.1%,1.2%,0%,31121,859,114,11644,17919,154,45,379,7,NYANZA,Kisii,Table 10a: Rural Households by main type of Lighting Fuel,Physical Infrastructure,Energy,34.88253143,-0.793929262,"(-0.793929262, 34.88253143)"
GUCHA,Urban,2.4%,0.4%,36.5%,58.8%,0.7%,0.3%,0.8%,0.1%,75379,1844,270,27508,44297,495,249,639,77,NYANZA,Kisii,Table 10a: Rural Households by main type of Lighting Fuel,Physical Infrastructure,Energy,34.77186075,-0.846550168,"(-0.846550168, 34.77186075)"
GUCHA SOUTH,Urban,1.8%,0.3%,26.7%,69.3%,0.5%,0.3%,0.9%,0.1%,29032,534,85,7750,20130,149,95,251,38,NYANZA,Kisii,Table 10a: Rural Households by main type of Lighting Fuel,Physical Infrastructure,Energy,34.65567846,-0.847942391,"(-0.847942391, 34.65567846)"
NYAMIRA,Urban,3.6%,0.3%,39%,55.3%,0.6%,0.4%,0.8%,0.1%,56063,2036,174,21853,31029,313,206,422,30,NYANZA,Nyamira,Table 10a: Rural Households by main type of Lighting Fuel,Physical Infrastructure,Energy,34.96346861,-0.549513229,"(-0.549513229, 34.96346861)"
MANGA,Urban,4.1%,0.5%,44.5%,48.8%,0.8%,0.2%,1.1%,0%,19295,789,97,8587,9409,146,40,220,7,NYANZA,Nyamira,Table 10a: Rural Households by main type of Lighting Fuel,Physical Infrastructure,Energy,34.90211779,-0.688310175,"(-0.688310175, 34.90211779)"
BORABU,Urban,7.6%,0.6%,42.2%,47.6%,0.4%,0.1%,1.4%,0.1%,15615,1185,87,6597,7432,60,17,226,11,NYANZA,Nyamira,Table 10a: Rural Households by main type of Lighting Fuel,Physical Infrastructure,Energy,35.02803793,-0.735368659,"(-0.735368659, 35.02803793)"
SIAYA,Urban,26%,0.7%,29.2%,42.4%,0.4%,0.3%,0.6%,0.4%,10234,2663,70,2985,4342,42,29,62,41,NYANZA,Siaya,Table 10a: Rural Households by main type of Lighting Fuel,Physical Infrastructure,Energy,34.3043068,0.11399015,"(0.11399015, 34.3043068)"
BONDO,Urban,13.7%,0.8%,31.8%,51.9%,0.4%,0.1%,0.9%,0.5%,11273,1539,93,3588,5851,42,9,96,55,NYANZA,Siaya,Table 10a: Rural Households by main type of Lighting Fuel,Physical Infrastructure,Energy,34.19064437,-0.09212788,"(-0.09212788, 34.19064437)"
RARIEDA,Urban,22.9%,0.9%,27.7%,46.4%,0.8%,0.1%,0.7%,0.4%,855,196,8,237,397,7,1,6,3,NYANZA,Siaya,Table 10a: Rural Households by main type of Lighting Fuel,Physical Infrastructure,Energy,34.33792037,-0.218940047,"(-0.218940047, 34.33792037)"
KISUMU EAST,Urban,35.5%,0.5%,23.3%,39.5%,0.3%,0.1%,0.4%,0.3%,97461,34641,514,22730,38535,251,139,394,257,NYANZA,Kisumu,Table 10a: Rural Households by main type of Lighting Fuel,Physical Infrastructure,Energy,34.80473358,-0.103412297,"(-0.103412297, 34.80473358)"
KISUMU WEST,Urban,48.5%,1.2%,22.9%,26.3%,0.1%,0.1%,0.7%,0.1%,1384,671,17,317,364,2,2,10,1,NYANZA,Kisumu,Table 10a: Rural Households by main type of Lighting Fuel,Physical Infrastructure,Energy,34.53285818,-0.087587476,"(-0.087587476, 34.53285818)"
NYANDO,Urban,11.9%,0.7%,27.6%,57.7%,0.3%,0.2%,1.3%,0.2%,25777,3074,184,7123,14867,86,64,328,51,NYANZA,Kisumu,Table 10a: Rural Households by main type of Lighting Fuel,Physical Infrastructure,Energy,35.02991504,-0.198538171,"(-0.198538171, 35.02991504)"
HOMABAY,Urban,16.1%,1%,28%,53.3%,0.5%,0.2%,0.8%,0.3%,13891,2230,140,3886,7399,67,27,105,37,NYANZA,Homa Bay,Table 10a: Rural Households by main type of Lighting Fuel,Physical Infrastructure,Energy,34.44445584,-0.667961724,"(-0.667961724, 34.44445584)"
SUBA,Urban,12.9%,0.9%,41.8%,42%,0.5%,0.1%,1.3%,0.5%,4915,636,45,2053,2063,25,3,65,25,NYANZA,Homa Bay,Table 10a: Rural Households by main type of Lighting Fuel,Physical Infrastructure,Energy,34.20665004,-0.582416527,"(-0.582416527, 34.20665004)"
RACHUONYO,Urban,11.9%,0.6%,33.2%,52.1%,0.4%,0.2%,1.3%,0.3%,13465,1607,82,4465,7009,59,28,180,35,NYANZA,Homa Bay,Table 10a: Rural Households by main type of Lighting Fuel,Physical Infrastructure,Energy,34.70386182,-0.43493606,"(-0.43493606, 34.70386182)"
MIGORI,Urban,13%,0.9%,41.3%,42%,0.5%,0.4%,1.4%,0.5%,18565,2416,172,7670,7793,89,66,264,95,NYANZA,Migori,Table 10a: Rural Households by main type of Lighting Fuel,Physical Infrastructure,Energy,34.30280979,-0.994047994,"(-0.994047994, 34.30280979)"
RONGO,Urban,10.7%,0.6%,21.8%,64.9%,0.7%,0.2%,0.9%,0.1%,41015,4409,264,8952,26605,278,84,367,56,NYANZA,Migori,Table 10a: Rural Households by main type of Lighting Fuel,Physical Infrastructure,Energy,34.51455638,-0.877791282,"(-0.877791282, 34.51455638)"
KURIA WEST,Urban,21.8%,1.3%,44.9%,30.2%,0.3%,0.3%,0.5%,0.8%,6786,1479,85,3049,2051,17,18,33,54,NYANZA,Migori,Table 10a: Rural Households by main type of Lighting Fuel,Physical Infrastructure,Energy,34.51983447,-1.18554383,"(-1.18554383, 34.51983447)"
KURIA EAST,Urban,,,,,,,,,0,0,0,0,0,0,0,0,0,NYANZA,Migori,Table 10a: Rural Households by main type of Lighting Fuel,Physical Infrastructure,Energy,34.65699509,-1.279753411,"(-1.279753411, 34.65699509)"
KISII CENTRAL,Urban,43.1%,0.5%,31.1%,23.9%,0.2%,0.1%,0.7%,0.3%,20687,8914,106,6438,4947,48,18,144,72,NYANZA,Kisii,Table 10a: Rural Households by main type of Lighting Fuel,Physical Infrastructure,Energy,34.79181187,-0.589287405,"(-0.589287405, 34.79181187)"
KISII SOUTH,Urban,13.4%,0.3%,28.3%,56.5%,0.5%,0.1%,0.7%,0.2%,12694,1700,40,3591,7169,62,14,94,24,NYANZA,Kisii,Table 10a: Rural Households by main type of Lighting Fuel,Physical Infrastructure,Energy,34.6895693,-0.664610487,"(-0.664610487, 34.6895693)"
MASABA,Urban,8%,0.5%,35.8%,54%,0.5%,0.2%,0.9%,0.1%,19665,1568,103,7046,10611,98,34,183,22,NYANZA,Kisii,Table 10a: Rural Households by main type of Lighting Fuel,Physical Infrastructure,Energy,34.88253143,-0.793929262,"(-0.793929262, 34.88253143)"
GUCHA,Urban,28.4%,0.8%,34.6%,33%,0.3%,1.5%,1%,0.3%,6197,1757,52,2145,2048,19,96,61,19,NYANZA,Kisii,Table 10a: Rural Households by main type of Lighting Fuel,Physical Infrastructure,Energy,34.77186075,-0.846550168,"(-0.846550168, 34.77186075)"
GUCHA SOUTH,Urban,17.5%,0.5%,30.5%,50.1%,0.4%,0%,0.8%,0.3%,2814,492,13,857,1410,11,0,22,9,NYANZA,Kisii,Table 10a: Rural Households by main type of Lighting Fuel,Physical Infrastructure,Energy,34.65567846,-0.847942391,"(-0.847942391, 34.65567846)"
NYAMIRA,Urban,14.8%,0.6%,35.8%,47%,0.5%,0.2%,1.1%,0.1%,13876,2047,84,4970,6516,65,30,147,17,NYANZA,Nyamira,Table 10a: Rural Households by main type of Lighting Fuel,Physical Infrastructure,Energy,34.96346861,-0.549513229,"(-0.549513229, 34.96346861)"
MANGA,Urban,,,,,,,,,0,0,0,0,0,0,0,0,0,NYANZA,Nyamira,Table 10a: Rural Households by main type of Lighting Fuel,Physical Infrastructure,Energy,34.90211779,-0.688310175,"(-0.688310175, 34.90211779)"
BORABU,Urban,27.9%,0.7%,43.4%,26.8%,0.1%,0.3%,0.6%,0.1%,1536,429,11,667,412,2,4,9,2,NYANZA,Nyamira,Table 10a: Rural Households by main type of Lighting Fuel,Physical Infrastructure,Energy,35.02803793,-0.735368659,"(-0.735368659, 35.02803793)"
TURKANA CENTRAL,Urban,0.1%,0.1%,4.3%,3.5%,0.6%,87.8%,0.4%,3.4%,31217,41,23,1327,1096,172,27397,114,1047,RIFT VALLEY,Turkana,Table 10a: Rural Households by main type of Lighting Fuel,Physical Infrastructure,Energy,35.44299468,3.05371677,"(3.05371677, 35.44299468)"
TURKANA NORTH,Urban,0.9%,0.1%,2%,3.4%,0.5%,89.6%,0.4%,3.3%,40422,350,23,794,1369,199,36201,162,1324,RIFT VALLEY,Turkana,Table 10a: Rural Households by main type of Lighting Fuel,Physical Infrastructure,Energy,35.09717514,4.31378822,"(4.31378822, 35.09717514)"
TURKANA SOUTH,Urban,0.7%,0.1%,10%,13.1%,0.6%,73.4%,0.8%,1.3%,28437,213,33,2851,3718,164,20878,220,360,RIFT VALLEY,Turkana,Table 10a: Rural Households by main type of Lighting Fuel,Physical Infrastructure,Energy,35.99979492,2.078370044,"(2.078370044, 35.99979492)"
WEST POKOT,Urban,1.6%,0.1%,25.8%,30.5%,0.5%,40.6%,0.6%,0.2%,26209,418,30,6772,7988,124,10653,168,56,RIFT VALLEY,West Pokot,Table 10a: Rural Households by main type of Lighting Fuel,Physical Infrastructure,Energy,35.16354392,1.492414256,"(1.492414256, 35.16354392)"
POKOT NORTH,Urban,0.1%,0%,6.6%,10.2%,0.5%,81.5%,0.4%,0.8%,25966,14,12,1713,2641,117,21153,113,203,RIFT VALLEY,West Pokot,Table 10a: Rural Households by main type of Lighting Fuel,Physical Infrastructure,Energy,35.10600361,2.039330692,"(2.039330692, 35.10600361)"
POKOT CENTRAL,Urban,0.4%,0.1%,26.1%,26%,0.6%,46%,0.4%,0.4%,32548,114,20,8505,8477,188,14983,141,120,RIFT VALLEY,West Pokot,Table 10a: Rural Households by main type of Lighting Fuel,Physical Infrastructure,Energy,35.49402215,1.491213025,"(1.491213025, 35.49402215)"
SAMBURU CENTRAL,Urban,3%,0.1%,10.1%,30.4%,0.6%,53.8%,1.4%,0.6%,18300,541,27,1842,5565,117,9846,253,109,RIFT VALLEY,Samburu,Table 10a: Rural Households by main type of Lighting Fuel,Physical Infrastructure,Energy,36.71442163,1.09166901,"(1.09166901, 36.71442163)"
SAMBURU EAST,Urban,0%,1%,3.2%,4.8%,0.6%,88.4%,0.6%,1.4%,9976,2,98,316,480,63,8818,60,139,RIFT VALLEY,Samburu,Table 10a: Rural Households by main type of Lighting Fuel,Physical Infrastructure,Energy,37.47389892,1.081019259,"(1.081019259, 37.47389892)"
SAMBURU NORTH,Urban,0.1%,0.1%,4.4%,9.1%,0.6%,84.6%,0.7%,0.6%,10051,7,6,439,913,59,8499,68,60,RIFT VALLEY,Samburu,Table 10a: Rural Households by main type of Lighting Fuel,Physical Infrastructure,Energy,36.83086912,1.789437949,"(1.789437949, 36.83086912)"
TRANS NZOIA WEST,Urban,3%,0.7%,37.1%,56.9%,0.8%,0.3%,1%,0.2%,47146,1408,343,17501,26804,387,139,457,107,RIFT VALLEY,Trans Nzoia,Table 10a: Rural Households by main type of Lighting Fuel,Physical Infrastructure,Energy,34.89426897,0.942674226,"(0.942674226, 34.89426897)"
TRANS NZOIA EAST,Urban,4.2%,0.4%,49.4%,43%,0.7%,0.6%,1.4%,0.3%,39119,1649,156,19335,16812,256,253,534,124,RIFT VALLEY,Trans Nzoia,Table 10a: Rural Households by main type of Lighting Fuel,Physical Infrastructure,Energy,35.18029104,1.022635873,"(1.022635873, 35.18029104)"
KWANZA,Urban,1.7%,0.4%,30.4%,65.1%,0.7%,0.9%,0.6%,0.3%,42605,710,159,12937,27722,299,397,246,135,RIFT VALLEY,Trans Nzoia,Table 10a: Rural Households by main type of Lighting Fuel,Physical Infrastructure,Energy,34.85810469,1.134996095,"(1.134996095, 34.85810469)"
BARINGO,Urban,6.3%,0.6%,45.8%,26.4%,0.9%,17.6%,2.1%,0.4%,27309,1712,155,12512,7209,235,4795,574,117,RIFT VALLEY,Baringo,Table 10a: Rural Households by main type of Lighting Fuel,Physical Infrastructure,Energy,35.97415916,0.448155493,"(0.448155493, 35.97415916)"
BARINGO NORTH,Urban,6%,0.2%,42.1%,22.6%,0.9%,25.5%,2.1%,0.5%,19734,1190,49,8313,4469,176,5039,406,92,RIFT VALLEY,Baringo,Table 10a: Rural Households by main type of Lighting Fuel,Physical Infrastructure,Energy,35.80555092,0.745856425,"(0.745856425, 35.80555092)"
EAST POKOT,Urban,0.2%,0.1%,5.1%,3%,0.7%,89.7%,0.6%,0.6%,21291,46,17,1095,631,148,19105,122,127,RIFT VALLEY,Baringo,Table 10a: Rural Households by main type of Lighting Fuel,Physical Infrastructure,Energy,36.01860317,1.049001072,"(1.049001072, 36.01860317)"
KOIBATEK,Urban,5.8%,0.6%,59.1%,25.1%,0.7%,6.1%,2.3%,0.3%,26523,1549,149,15663,6654,194,1623,617,74,RIFT VALLEY,Baringo,Table 10a: Rural Households by main type of Lighting Fuel,Physical Infrastructure,Energy,35.86953085,0.105862677,"(0.105862677, 35.86953085)"
ELDORET WEST,Urban,5.6%,0.4%,54.8%,36.8%,0.6%,0.3%,1.4%,0.1%,47151,2661,194,25821,17348,290,119,671,47,RIFT VALLEY,Uasin Gishu,Table 10a: Rural Households by main type of Lighting Fuel,Physical Infrastructure,Energy,35.19163187,0.711285558,"(0.711285558, 35.19163187)"
ELDORET EAST,Urban,7.3%,0.4%,66.7%,21.6%,0.6%,0.7%,2.5%,0.2%,30873,2269,117,20590,6663,177,225,785,47,RIFT VALLEY,Uasin Gishu,Table 10a: Rural Households by main type of Lighting Fuel,Physical Infrastructure,Energy,35.41893944,0.563160828,"(0.563160828, 35.41893944)"
WARENG,Urban,7.5%,0.7%,55.7%,33%,0.5%,0.4%,1.9%,0.3%,27773,2095,203,15456,9167,137,98,528,89,RIFT VALLEY,Uasin Gishu,Table 10a: Rural Households by main type of Lighting Fuel,Physical Infrastructure,Energy,35.33850049,0.299690606,"(0.299690606, 35.33850049)"
MARAKWET,Urban,0.9%,0.3%,40.3%,32.6%,0.7%,23.6%,1.4%,0.3%,37581,325,101,15132,12266,262,8856,516,123,RIFT VALLEY,Elgeyo Marakwet,Table 10a: Rural Households by main type of Lighting Fuel,Physical Infrastructure,Energy,35.50699822,1.08405524,"(1.08405524, 35.50699822)"
KEIYO,Urban,9.5%,0.3%,53.5%,24.7%,0.5%,9.5%,1.6%,0.3%,28369,2690,90,15171,7016,155,2694,467,86,RIFT VALLEY,Elgeyo Marakwet,Table 10a: Rural Households by main type of Lighting Fuel,Physical Infrastructure,Energy,35.57039657,0.489045271,"(0.489045271, 35.57039657)"
NANDI NORTH,Urban,3.2%,0.3%,58%,35.9%,0.6%,0.2%,1.6%,0.2%,31106,1006,87,18027,11171,199,53,510,53,RIFT VALLEY,Nandi,Table 10a: Rural Households by main type of Lighting Fuel,Physical Infrastructure,Energy,35.06077368,0.438611778,"(0.438611778, 35.06077368)"
NANDI CENTRAL,Urban,3.6%,0.4%,44.5%,49.1%,0.6%,0.3%,1.4%,0.1%,28367,1031,104,12619,13941,165,91,390,26,RIFT VALLEY,Nandi,Table 10a: Rural Households by main type of Lighting Fuel,Physical Infrastructure,Energy,35.08490348,0.237462739,"(0.237462739, 35.08490348)"
NANDI EAST,Urban,5.5%,0.3%,32%,60.5%,0.5%,0.1%,1%,0.1%,25598,1404,81,8179,15492,125,28,267,22,RIFT VALLEY,Nandi,Table 10a: Rural Households by main type of Lighting Fuel,Physical Infrastructure,Energy,35.23779105,0.105368029,"(0.105368029, 35.23779105)"
NANDI SOUTH,Urban,3.1%,0.3%,36%,58.6%,0.5%,0.1%,1.2%,0.2%,30768,945,97,11065,18034,165,46,366,50,RIFT VALLEY,Nandi,Table 10a: Rural Households by main type of Lighting Fuel,Physical Infrastructure,Energy,34.96800793,0.048811478,"(0.048811478, 34.96800793)"
TINDERET,Urban,2.2%,0.2%,32.4%,63.3%,0.3%,0.4%,1.2%,0.1%,14489,323,24,4693,9169,41,53,177,9,RIFT VALLEY,Nandi,Table 10a: Rural Households by main type of Lighting Fuel,Physical Infrastructure,Energy,35.3167413,-0.013491939,"(-0.013491939, 35.3167413)"
LAIKIPIA NORTH,Urban,4.3%,0.2%,16.6%,41.7%,1%,33.3%,2%,1%,6360,273,12,1054,2650,61,2118,127,65,RIFT VALLEY,Laikipia,Table 10a: Rural Households by main type of Lighting Fuel,Physical Infrastructure,Energy,36.99627658,0.515458301,"(0.515458301, 36.99627658)"
LAIKIPIA EAST,Urban,5.5%,0.7%,41.2%,40.5%,0.8%,2%,8.9%,0.3%,26516,1470,196,10922,10752,213,532,2347,84,RIFT VALLEY,Laikipia,Table 10a: Rural Households by main type of Lighting Fuel,Physical Infrastructure,Energy,36.95183375,0.093934415,"(0.093934415, 36.95183375)"
LAIKIPIA WEST,Urban,4%,0.3%,39.4%,41.6%,0.9%,6.2%,7.3%,0.4%,40973,1639,137,16137,17048,360,2528,2977,147,RIFT VALLEY,Laikipia,Table 10a: Rural Households by main type of Lighting Fuel,Physical Infrastructure,Energy,36.5181069,0.39729996,"(0.39729996, 36.5181069)"
NAKURU,Urban,15.4%,0.4%,48.2%,29.9%,0.9%,1.5%,3.5%,0.3%,33709,5197,124,16264,10076,288,493,1175,92,RIFT VALLEY,Nakuru,Table 10a: Rural Households by main type of Lighting Fuel,Physical Infrastructure,Energy,36.03461164,-0.134672183,"(-0.134672183, 36.03461164)"
NAKURU NORTH,Urban,19.9%,0.9%,45.3%,28%,1.1%,0.3%,4.3%,0.2%,31938,6369,289,14456,8948,344,93,1362,77,RIFT VALLEY,Nakuru,Table 10a: Rural Households by main type of Lighting Fuel,Physical Infrastructure,Energy,36.16401596,-0.135028953,"(-0.135028953, 36.16401596)"
NAIVASHA,Urban,9.6%,0.4%,43.4%,39%,0.4%,1.3%,4.8%,1.1%,36293,3496,146,15758,14156,130,461,1759,387,RIFT VALLEY,Nakuru,Table 10a: Rural Households by main type of Lighting Fuel,Physical Infrastructure,Energy,36.33344468,-0.727134387,"(-0.727134387, 36.33344468)"
MOLO,Urban,5.1%,0.4%,48.5%,40.2%,0.6%,2%,2.8%,0.2%,94283,4840,376,45761,37919,571,1928,2668,220,RIFT VALLEY,Nakuru,Table 10a: Rural Households by main type of Lighting Fuel,Physical Infrastructure,Energy,35.75756717,-0.409755795,"(-0.409755795, 35.75756717)"
NAROK NORTH,Urban,1.5%,0.6%,27.8%,57.1%,0.7%,10.4%,0.8%,1.2%,42982,625,260,11935,24548,291,4450,360,513,RIFT VALLEY,Narok,Table 10a: Rural Households by main type of Lighting Fuel,Physical Infrastructure,Energy,35.99464674,-0.959555087,"(-0.959555087, 35.99464674)"
NAROK SOUTH,Urban,2.3%,0.4%,33.9%,46.5%,0.5%,12.9%,1.9%,1.6%,62412,1466,270,21130,29019,289,8031,1203,1004,RIFT VALLEY,Narok,Table 10a: Rural Households by main type of Lighting Fuel,Physical Infrastructure,Energy,35.5807782,-1.402738483,"(-1.402738483, 35.5807782)"
TRANS MARA,Urban,1.3%,0.4%,22.6%,72.4%,0.4%,1%,1.3%,0.5%,47324,613,193,10708,34277,205,462,606,260,RIFT VALLEY,Narok,Table 10a: Rural Households by main type of Lighting Fuel,Physical Infrastructure,Energy,#N/A,#N/A,
KAJIADO CENTRAL,Urban,2.4%,0.3%,19.5%,71%,0.3%,4.2%,0.9%,1.5%,26352,639,72,5127,18698,85,1114,226,391,RIFT VALLEY,Kajiado,Table 10a: Rural Households by main type of Lighting Fuel,Physical Infrastructure,Energy,36.89341002,-2.133910157,"(-2.133910157, 36.89341002)"
LOITOKITOK,Urban,2.1%,1.4%,21%,66.9%,0.5%,4.8%,2.1%,1.3%,25565,529,364,5365,17105,122,1218,531,331,RIFT VALLEY,Kajiado,Table 10a: Rural Households by main type of Lighting Fuel,Physical Infrastructure,Energy,37.47875865,-2.635934635,"(-2.635934635, 37.47875865)"
KERICHO,Urban,6%,0.5%,46.5%,44.4%,0.5%,0.3%,1.7%,0.1%,53136,3175,270,24734,23588,285,139,910,35,RIFT VALLEY,Kericho,Table 10a: Rural Households by main type of Lighting Fuel,Physical Infrastructure,Energy,35.21130866,-0.34219841,"(-0.34219841, 35.21130866)"
KIPKELION,Urban,1.6%,0.2%,39.4%,55.8%,0.4%,0.7%,1.9%,0.1%,23675,372,37,9321,13206,106,160,446,27,RIFT VALLEY,Kericho,Table 10a: Rural Households by main type of Lighting Fuel,Physical Infrastructure,Energy,35.47881562,-0.155533799,"(-0.155533799, 35.47881562)"
BURET,Urban,4.7%,0.4%,61.5%,29.4%,0.6%,1.1%,2.3%,0.2%,58138,2707,215,35781,17074,331,623,1310,97,RIFT VALLEY,Bomet,Table 10a: Rural Households by main type of Lighting Fuel,Physical Infrastructure,Energy,35.3033778,-0.547074877,"(-0.547074877, 35.3033778)"
SOTIK,Urban,2.3%,0.3%,61.4%,31.7%,0.6%,0.4%,3.1%,0.2%,33625,765,103,20661,10666,199,119,1053,59,RIFT VALLEY,Bomet,Table 10a: Rural Households by main type of Lighting Fuel,Physical Infrastructure,Energy,35.1490337,-0.759704345,"(-0.759704345, 35.1490337)"
BOMET,Urban,1.3%,0.3%,69.1%,23.8%,0.7%,0.8%,3.5%,0.4%,56084,747,151,38772,13354,386,460,1974,240,RIFT VALLEY,Bomet,Table 10a: Rural Households by main type of Lighting Fuel,Physical Infrastructure,Energy,35.31899335,-0.840969003,"(-0.840969003, 35.31899335)"
KAJIADO NORTH,Urban,28.2%,0.7%,20.7%,42.3%,0.6%,3.7%,2.2%,1.5%,34427,9694,234,7119,14578,223,1285,768,526,RIFT VALLEY,Kajiado,Table 10a: Rural Households by main type of Lighting Fuel,Physical Infrastructure,Energy,36.44660994,-1.646437311,"(-1.646437311, 36.44660994)"
TURKANA CENTRAL,Urban,15.8%,0.4%,27.7%,29.4%,0.5%,20.2%,2.6%,3.5%,9903,1569,37,2742,2909,46,1998,255,347,RIFT VALLEY,Turkana,Table 10a: Rural Households by main type of Lighting Fuel,Physical Infrastructure,Energy,35.44299468,3.05371677,"(3.05371677, 35.44299468)"
TURKANA NORTH,Urban,6.4%,0.8%,21.6%,33.5%,0.9%,25.9%,1.5%,9.4%,13212,844,108,2857,4431,113,3420,195,1244,RIFT VALLEY,Turkana,Table 10a: Rural Households by main type of Lighting Fuel,Physical Infrastructure,Energy,35.09717514,4.31378822,"(4.31378822, 35.09717514)"
TURKANA SOUTH,Urban,,,,,,,,,0,0,0,0,0,0,0,0,0,RIFT VALLEY,Turkana,Table 10a: Rural Households by main type of Lighting Fuel,Physical Infrastructure,Energy,35.99979492,2.078370044,"(2.078370044, 35.99979492)"
WEST POKOT,Urban,21.1%,0.5%,43%,32.2%,0.4%,2.1%,0.5%,0.2%,9054,1910,42,3890,2915,38,191,47,21,RIFT VALLEY,West Pokot,Table 10a: Rural Households by main type of Lighting Fuel,Physical Infrastructure,Energy,35.16354392,1.492414256,"(1.492414256, 35.16354392)"
POKOT CENTRAL,Urban,,,,,,,,,0,0,0,0,0,0,0,0,0,RIFT VALLEY,West Pokot,Table 10a: Rural Households by main type of Lighting Fuel,Physical Infrastructure,Energy,35.49402215,1.491213025,"(1.491213025, 35.49402215)"
SAMBURU CENTRAL,Urban,48.1%,0.5%,22.6%,22.9%,2.3%,2.2%,1.1%,0.4%,4520,2172,24,1021,1033,104,99,49,18,RIFT VALLEY,Samburu,Table 10a: Rural Households by main type of Lighting Fuel,Physical Infrastructure,Energy,36.71442163,1.09166901,"(1.09166901, 36.71442163)"
SAMBURU EAST,Urban,6.3%,0.3%,35.5%,24.6%,0.4%,24.6%,6.6%,1.6%,2859,181,9,1016,704,11,704,188,46,RIFT VALLEY,Samburu,Table 10a: Rural Households by main type of Lighting Fuel,Physical Infrastructure,Energy,37.47389892,1.081019259,"(1.081019259, 37.47389892)"
SAMBURU NORTH,Urban,2.8%,0.1%,26.7%,33%,5.5%,29.4%,2.4%,0.1%,1648,46,1,440,544,90,485,40,2,RIFT VALLEY,Samburu,Table 10a: Rural Households by main type of Lighting Fuel,Physical Infrastructure,Energy,36.83086912,1.789437949,"(1.789437949, 36.83086912)"
TRANS NZOIA WEST,Urban,30.1%,0.8%,39.8%,27.6%,0.3%,0.5%,0.5%,0.3%,37131,11177,291,14775,10263,122,193,192,118,RIFT VALLEY,Trans Nzoia,Table 10a: Rural Households by main type of Lighting Fuel,Physical Infrastructure,Energy,34.89426897,0.942674226,"(0.942674226, 34.89426897)"
TRANS NZOIA EAST,Urban,,,,,,,,,0,0,0,0,0,0,0,0,0,RIFT VALLEY,Trans Nzoia,Table 10a: Rural Households by main type of Lighting Fuel,Physical Infrastructure,Energy,35.18029104,1.022635873,"(1.022635873, 35.18029104)"
KWANZA,Urban,4.3%,0.7%,34.6%,59.1%,0.6%,0.3%,0.3%,0.1%,4116,177,28,1423,2434,24,12,13,5,RIFT VALLEY,Trans Nzoia,Table 10a: Rural Households by main type of Lighting Fuel,Physical Infrastructure,Energy,34.85810469,1.134996095,"(1.134996095, 34.85810469)"
BARINGO,Urban,45%,0.5%,33.9%,17.3%,0.3%,1.9%,0.7%,0.3%,7629,3434,36,2588,1323,26,142,57,23,RIFT VALLEY,Baringo,Table 10a: Rural Households by main type of Lighting Fuel,Physical Infrastructure,Energy,35.97415916,0.448155493,"(0.448155493, 35.97415916)"
BARINGO NORTH,Urban,,,,,,,,,0,0,0,0,0,0,0,0,0,RIFT VALLEY,Baringo,Table 10a: Rural Households by main type of Lighting Fuel,Physical Infrastructure,Energy,35.80555092,0.745856425,"(0.745856425, 35.80555092)"
EAST POKOT,Urban,,,,,,,,,0,0,0,0,0,0,0,0,0,RIFT VALLEY,Baringo,Table 10a: Rural Households by main type of Lighting Fuel,Physical Infrastructure,Energy,36.01860317,1.049001072,"(1.049001072, 36.01860317)"
KOIBATEK,Urban,32.5%,0.4%,40.6%,23.9%,0.2%,0.4%,1.5%,0.5%,8163,2652,31,3317,1952,17,30,126,38,RIFT VALLEY,Baringo,Table 10a: Rural Households by main type of Lighting Fuel,Physical Infrastructure,Energy,35.86953085,0.105862677,"(0.105862677, 35.86953085)"
ELDORET WEST,Urban,53.3%,0.9%,24.8%,19.9%,0.1%,0.2%,0.3%,0.5%,41805,22290,382,10363,8301,59,95,109,206,RIFT VALLEY,Uasin Gishu,Table 10a: Rural Households by main type of Lighting Fuel,Physical Infrastructure,Energy,35.19163187,0.711285558,"(0.711285558, 35.19163187)"
ELDORET EAST,Urban,59.4%,0.7%,26.8%,11.2%,0.2%,0.2%,0.3%,1.1%,20596,12241,148,5519,2305,43,34,71,235,RIFT VALLEY,Uasin Gishu,Table 10a: Rural Households by main type of Lighting Fuel,Physical Infrastructure,Energy,35.41893944,0.563160828,"(0.563160828, 35.41893944)"
WARENG,Urban,43.9%,0.5%,33.7%,19.7%,0.2%,0.2%,0.6%,1.2%,34093,14978,174,11482,6722,76,57,193,411,RIFT VALLEY,Uasin Gishu,Table 10a: Rural Households by main type of Lighting Fuel,Physical Infrastructure,Energy,35.33850049,0.299690606,"(0.299690606, 35.33850049)"
MARAKWET,Urban,35%,0.1%,43%,19.4%,0.1%,1.1%,0.9%,0.4%,1916,670,1,823,372,2,22,18,8,RIFT VALLEY,Elgeyo Marakwet,Table 10a: Rural Households by main type of Lighting Fuel,Physical Infrastructure,Energy,35.50699822,1.08405524,"(1.08405524, 35.50699822)"
KEIYO,Urban,19.2%,0.3%,53.6%,23.1%,0.3%,1.8%,1.6%,0.1%,9689,1862,28,5195,2237,30,172,154,11,RIFT VALLEY,Elgeyo Marakwet,Table 10a: Rural Households by main type of Lighting Fuel,Physical Infrastructure,Energy,35.57039657,0.489045271,"(0.489045271, 35.57039657)"
NANDI NORTH,Urban,28%,0.2%,53.2%,17.2%,0.2%,0%,0.5%,0.7%,980,274,2,521,169,2,0,5,7,RIFT VALLEY,Nandi,Table 10a: Rural Households by main type of Lighting Fuel,Physical Infrastructure,Energy,35.06077368,0.438611778,"(0.438611778, 35.06077368)"
NANDI CENTRAL,Urban,21.1%,0.5%,44.2%,32.4%,0.4%,0.2%,1%,0.4%,19992,4210,99,8837,6470,73,41,192,70,RIFT VALLEY,Nandi,Table 10a: Rural Households by main type of Lighting Fuel,Physical Infrastructure,Energy,35.08490348,0.237462739,"(0.237462739, 35.08490348)"
NANDI EAST,Urban,21.5%,0.4%,33.3%,43%,0.9%,0.1%,0.5%,0.3%,2773,595,10,924,1192,26,4,13,9,RIFT VALLEY,Nandi,Table 10a: Rural Households by main type of Lighting Fuel,Physical Infrastructure,Energy,35.23779105,0.105368029,"(0.105368029, 35.23779105)"
NANDI SOUTH,Urban,,,,,,,,,0,0,0,0,0,0,0,0,0,RIFT VALLEY,Nandi,Table 10a: Rural Households by main type of Lighting Fuel,Physical Infrastructure,Energy,34.96800793,0.048811478,"(0.048811478, 34.96800793)"
TINDERET,Urban,,,,,,,,,0,0,0,0,0,0,0,0,0,RIFT VALLEY,Nandi,Table 10a: Rural Households by main type of Lighting Fuel,Physical Infrastructure,Energy,35.3167413,-0.013491939,"(-0.013491939, 35.3167413)"
LAIKIPIA NORTH,Urban,0.5%,0%,64.1%,24.4%,0.3%,3.8%,5.6%,1.3%,373,2,0,239,91,1,14,21,5,RIFT VALLEY,Laikipia,Table 10a: Rural Households by main type of Lighting Fuel,Physical Infrastructure,Energy,36.99627658,0.515458301,"(0.515458301, 36.99627658)"
LAIKIPIA EAST,Urban,54.2%,0.9%,26.9%,13.6%,0.2%,0.4%,3.3%,0.5%,14160,7668,128,3807,1927,34,53,470,73,RIFT VALLEY,Laikipia,Table 10a: Rural Households by main type of Lighting Fuel,Physical Infrastructure,Energy,36.95183375,0.093934415,"(0.093934415, 36.95183375)"
LAIKIPIA WEST,Urban,48.7%,0.5%,28.6%,20%,0.5%,0.2%,1.3%,0.4%,14732,7170,69,4207,2945,71,31,185,54,RIFT VALLEY,Laikipia,Table 10a: Rural Households by main type of Lighting Fuel,Physical Infrastructure,Energy,36.5181069,0.39729996,"(0.39729996, 36.5181069)"
NAKURU,Urban,69.5%,0.5%,16.9%,11.9%,0.1%,0.2%,0.4%,0.5%,96132,66804,475,16228,11448,138,166,361,512,RIFT VALLEY,Nakuru,Table 10a: Rural Households by main type of Lighting Fuel,Physical Infrastructure,Energy,36.03461164,-0.134672183,"(-0.134672183, 36.03461164)"
NAKURU NORTH,Urban,54.6%,1.4%,28.9%,12.5%,0.6%,0.1%,1.4%,0.4%,19286,10530,277,5566,2420,107,25,276,85,RIFT VALLEY,Nakuru,Table 10a: Rural Households by main type of Lighting Fuel,Physical Infrastructure,Energy,36.16401596,-0.135028953,"(-0.135028953, 36.16401596)"
NAIVASHA,Urban,49%,0.6%,31.4%,15.8%,0.4%,0.2%,1.9%,0.5%,69025,33839,419,21703,10935,296,148,1319,366,RIFT VALLEY,Nakuru,Table 10a: Rural Households by main type of Lighting Fuel,Physical Infrastructure,Energy,36.33344468,-0.727134387,"(-0.727134387, 36.33344468)"
MOLO,Urban,28.6%,0.6%,41.9%,26.4%,0.4%,0.3%,1.2%,0.6%,29170,8355,165,12214,7703,120,84,341,188,RIFT VALLEY,Nakuru,Table 10a: Rural Households by main type of Lighting Fuel,Physical Infrastructure,Energy,35.75756717,-0.409755795,"(-0.409755795, 35.75756717)"
NAROK NORTH,Urban,49.6%,0.6%,31%,16.9%,0.2%,0.2%,0.7%,0.8%,12903,6398,79,3995,2175,32,28,92,104,RIFT VALLEY,Narok,Table 10a: Rural Households by main type of Lighting Fuel,Physical Infrastructure,Energy,35.99464674,-0.959555087,"(-0.959555087, 35.99464674)"
NAROK SOUTH,Urban,,,,,,,,,0,0,0,0,0,0,0,0,0,RIFT VALLEY,Narok,Table 10a: Rural Households by main type of Lighting Fuel,Physical Infrastructure,Energy,35.5807782,-1.402738483,"(-1.402738483, 35.5807782)"
TRANS MARA,Urban,22.3%,0.7%,34.5%,39%,1.2%,0.2%,1.1%,1.1%,3599,801,24,1241,1403,44,6,40,40,RIFT VALLEY,Narok,Table 10a: Rural Households by main type of Lighting Fuel,Physical Infrastructure,Energy,#N/A,#N/A,
KAJIADO CENTRAL,Urban,58%,0.8%,23.1%,15.8%,0.2%,0.8%,0.4%,1%,9051,5247,71,2089,1426,14,72,38,94,RIFT VALLEY,Kajiado,Table 10a: Rural Households by main type of Lighting Fuel,Physical Infrastructure,Energy,36.89341002,-2.133910157,"(-2.133910157, 36.89341002)"
LOITOKITOK,Urban,34%,1%,43.5%,19.6%,0.3%,0.2%,1%,0.5%,4138,1406,40,1801,811,11,8,41,20,RIFT VALLEY,Kajiado,Table 10a: Rural Households by main type of Lighting Fuel,Physical Infrastructure,Energy,37.47875865,-2.635934635,"(-2.635934635, 37.47875865)"
KERICHO,Urban,32.5%,0.4%,41.5%,24%,0.3%,0.1%,0.9%,0.3%,32135,10432,143,13326,7716,104,33,277,104,RIFT VALLEY,Kericho,Table 10a: Rural Households by main type of Lighting Fuel,Physical Infrastructure,Energy,35.21130866,-0.34219841,"(-0.34219841, 35.21130866)"
KIPKELION,Urban,5.5%,0.3%,61.6%,28.8%,0.5%,0.2%,2.9%,0.2%,18635,1026,55,11484,5365,92,29,538,46,RIFT VALLEY,Kericho,Table 10a: Rural Households by main type of Lighting Fuel,Physical Infrastructure,Energy,35.47881562,-0.155533799,"(-0.155533799, 35.47881562)"
BURET,Urban,18.1%,0.3%,62.7%,16.1%,0.5%,0.3%,1.2%,0.8%,5518,999,16,3459,889,28,15,68,44,RIFT VALLEY,Bomet,Table 10a: Rural Households by main type of Lighting Fuel,Physical Infrastructure,Energy,35.3033778,-0.547074877,"(-0.547074877, 35.3033778)"
SOTIK,Urban,29.2%,1%,45.7%,21.3%,0.3%,0.4%,0.5%,1.4%,2311,675,24,1057,493,7,10,12,33,RIFT VALLEY,Bomet,Table 10a: Rural Households by main type of Lighting Fuel,Physical Infrastructure,Energy,35.1490337,-0.759704345,"(-0.759704345, 35.1490337)"
BOMET,Urban,8.6%,0.4%,70.6%,15.4%,1%,1.1%,2.8%,0.1%,19238,1659,72,13581,2958,184,217,541,26,RIFT VALLEY,Bomet,Table 10a: Rural Households by main type of Lighting Fuel,Physical Infrastructure,Energy,35.31899335,-0.840969003,"(-0.840969003, 35.31899335)"
KAJIADO NORTH,Urban,69.8%,0.9%,15.3%,12.7%,0.3%,0.1%,0.3%,0.6%,73931,51583,649,11287,9413,251,107,223,418,RIFT VALLEY,Kajiado,Table 10a: Rural Households by main type of Lighting Fuel,Physical Infrastructure,Energy,36.44660994,-1.646437311,"(-1.646437311, 36.44660994)"
KAKAMEGA CENTRAL,Urban,2.6%,0.4%,22.8%,72.3%,0.8%,0.2%,0.7%,0.1%,41352,1087,157,9442,29906,344,88,307,21,WESTERN,Kakamega,Table 10a: Rural Households by main type of Lighting Fuel,Physical Infrastructure,Energy,34.6856109,0.350512813,"(0.350512813, 34.6856109)"
KAKAMEGA SOUTH,Urban,2.9%,0.4%,28.6%,65.8%,1.3%,0.2%,0.8%,0%,23144,674,86,6612,15231,297,49,185,10,WESTERN,Kakamega,Table 10a: Rural Households by main type of Lighting Fuel,Physical Infrastructure,Energy,34.7077479,0.190561619,"(0.190561619, 34.7077479)"
KAKAMEGA NORTH,Urban,1.4%,0.4%,25.3%,71%,0.7%,0.4%,0.7%,0.1%,39404,548,176,9958,27991,293,141,258,39,WESTERN,Kakamega,Table 10a: Rural Households by main type of Lighting Fuel,Physical Infrastructure,Energy,34.82641205,0.473620028,"(0.473620028, 34.82641205)"
KAKAMEGA EAST,Urban,4.1%,0.4%,31.9%,61.3%,0.8%,0.6%,0.7%,0.1%,33661,1396,147,10727,20651,261,202,236,41,WESTERN,Kakamega,Table 10a: Rural Households by main type of Lighting Fuel,Physical Infrastructure,Energy,34.85789384,0.273804872,"(0.273804872, 34.85789384)"
LUGARI,Urban,3%,0.7%,44.5%,49.4%,0.6%,0.5%,1.1%,0.2%,54680,1651,401,24313,27011,343,292,580,89,WESTERN,Kakamega,Table 10a: Rural Households by main type of Lighting Fuel,Physical Infrastructure,Energy,35.02947866,0.723211024,"(0.723211024, 35.02947866)"
VIHIGA,Urban,5.9%,0.4%,32.4%,59.6%,1%,0.1%,0.5%,0%,20645,1211,91,6699,12308,199,30,100,7,WESTERN,Vihiga,Table 10a: Rural Households by main type of Lighting Fuel,Physical Infrastructure,Energy,34.72682968,0.079761357,"(0.079761357, 34.72682968)"
EMUHAYA,Urban,3.3%,0.2%,18.6%,75.3%,1%,0.6%,0.8%,0%,31382,1040,77,5846,23640,319,200,250,10,WESTERN,Vihiga,Table 10a: Rural Households by main type of Lighting Fuel,Physical Infrastructure,Energy,34.60778185,0.057677852,"(0.057677852, 34.60778185)"
HAMISI,Urban,6.8%,0.5%,32.7%,57.8%,0.7%,0.7%,0.6%,0.2%,32096,2194,160,10482,18551,226,227,198,58,WESTERN,Vihiga,Table 10a: Rural Households by main type of Lighting Fuel,Physical Infrastructure,Energy,34.82143608,0.099070606,"(0.099070606, 34.82143608)"
MUMIAS,Urban,1.1%,0.3%,19.9%,76.9%,0.8%,0.5%,0.4%,0%,50730,569,170,10070,39027,383,272,219,20,WESTERN,Kakamega,Table 10a: Rural Households by main type of Lighting Fuel,Physical Infrastructure,Energy,34.48762031,0.35427418,"(0.35427418, 34.48762031)"
BUTERE,Urban,1.7%,0.4%,21%,74.8%,0.8%,0.3%,0.9%,0.1%,51518,882,188,10817,38542,423,179,449,38,WESTERN,Kakamega,Table 10a: Rural Households by main type of Lighting Fuel,Physical Infrastructure,Energy,34.54564535,0.192421093,"(0.192421093, 34.54564535)"
BUNGOMA SOUTH,Urban,1.8%,0.5%,20.7%,75.1%,0.8%,0.8%,0.3%,0%,61280,1101,279,12712,45994,478,482,206,28,WESTERN,Bungoma,Table 10a: Rural Households by main type of Lighting Fuel,Physical Infrastructure,Energy,34.52131934,0.56139561,"(0.56139561, 34.52131934)"
BUNGOMA NORTH,Urban,1.7%,0.6%,35.4%,60.2%,0.7%,0.2%,1%,0.3%,41915,700,235,14848,25223,287,82,416,124,WESTERN,Bungoma,Table 10a: Rural Households by main type of Lighting Fuel,Physical Infrastructure,Energy,34.86452529,0.783636675,"(0.783636675, 34.86452529)"
BUNGOMA EAST,Urban,2%,0.5%,26.6%,69.7%,0.5%,0.2%,0.5%,0%,31961,637,166,8493,22264,167,56,165,13,WESTERN,Bungoma,Table 10a: Rural Households by main type of Lighting Fuel,Physical Infrastructure,Energy,34.73645726,0.63973936,"(0.63973936, 34.73645726)"
BUNGOMA WEST,Urban,1%,0.4%,25.7%,71.6%,0.7%,0.3%,0.3%,0.1%,40157,396,171,10306,28736,271,122,120,35,WESTERN,Bungoma,Table 10a: Rural Households by main type of Lighting Fuel,Physical Infrastructure,Energy,34.54143282,0.718594776,"(0.718594776, 34.54143282)"
MT. ELGON,Urban,0.5%,0.1%,16.8%,79.7%,0.5%,2%,0.2%,0.1%,30165,161,40,5055,24047,164,591,68,39,WESTERN,Bungoma,Table 10a: Rural Households by main type of Lighting Fuel,Physical Infrastructure,Energy,34.59729929,0.928746904,"(0.928746904, 34.59729929)"
BUSIA,Urban,2%,0.4%,21%,75%,0.5%,0.6%,0.4%,0.1%,58210,1172,215,12241,43634,293,353,256,46,WESTERN,Busia,Table 10a: Rural Households by main type of Lighting Fuel,Physical Infrastructure,Energy,34.26474625,0.413063265,"(0.413063265, 34.26474625)"
TESO NORTH,Urban,1.3%,0.2%,21.5%,75.9%,0.4%,0.2%,0.4%,0.1%,13491,171,32,2904,10237,60,25,52,10,WESTERN,Busia,Table 10a: Rural Households by main type of Lighting Fuel,Physical Infrastructure,Energy,34.34692124,0.685653144,"(0.685653144, 34.34692124)"
SAMIA,Urban,3.3%,0.2%,18.5%,76.5%,0.7%,0.1%,0.7%,0.1%,19395,635,37,3580,14836,141,20,135,11,WESTERN,Busia,Table 10a: Rural Households by main type of Lighting Fuel,Physical Infrastructure,Energy,34.08114406,0.249684994,"(0.249684994, 34.08114406)"
BUNYALA,Urban,2.8%,0.3%,14.4%,81.6%,0.3%,0.1%,0.3%,0.2%,13535,380,47,1945,11040,38,18,42,25,WESTERN,Busia,Table 10a: Rural Households by main type of Lighting Fuel,Physical Infrastructure,Energy,34.02046792,0.085563847,"(0.085563847, 34.02046792)"
TESO SOUTH,Urban,1.2%,0.2%,16.4%,80.6%,0.4%,0.6%,0.3%,0.4%,21346,256,35,3497,17203,91,120,65,79,WESTERN,Busia,Table 10a: Rural Households by main type of Lighting Fuel,Physical Infrastructure,Energy,34.22063324,0.545069632,"(0.545069632, 34.22063324)"
KAKAMEGA CENTRAL,Urban,33%,0.8%,33.7%,30.8%,0.4%,0.3%,0.5%,0.5%,23769,7852,179,8014,7324,89,68,130,113,WESTERN,Kakamega,Table 10a: Rural Households by main type of Lighting Fuel,Physical Infrastructure,Energy,34.6856109,0.350512813,"(0.350512813, 34.6856109)"
KAKAMEGA NORTH,Urban,23%,1.3%,43.7%,29.4%,0.6%,0.1%,1.5%,0.3%,1231,283,16,538,362,8,1,19,4,WESTERN,Kakamega,Table 10a: Rural Households by main type of Lighting Fuel,Physical Infrastructure,Energy,34.82641205,0.473620028,"(0.473620028, 34.82641205)"
KAKAMEGA EAST,Urban,18.2%,0.6%,27.9%,51%,1.2%,0%,0.2%,1%,516,94,3,144,263,6,0,1,5,WESTERN,Kakamega,Table 10a: Rural Households by main type of Lighting Fuel,Physical Infrastructure,Energy,34.85789384,0.273804872,"(0.273804872, 34.85789384)"
LUGARI,Urban,18.9%,0.9%,44.5%,33.5%,0.5%,0.5%,0.8%,0.5%,4796,906,41,2135,1608,22,22,36,26,WESTERN,Kakamega,Table 10a: Rural Households by main type of Lighting Fuel,Physical Infrastructure,Energy,35.02947866,0.723211024,"(0.723211024, 35.02947866)"
VIHIGA,Urban,12%,0.5%,36.4%,49.5%,0.7%,0.3%,0.5%,0.1%,27576,3315,125,10031,13653,194,85,132,41,WESTERN,Vihiga,Table 10a: Rural Households by main type of Lighting Fuel,Physical Infrastructure,Energy,34.72682968,0.079761357,"(0.079761357, 34.72682968)"
EMUHAYA,Urban,7.9%,0.8%,17.8%,71.5%,0.9%,0.3%,0.7%,0.1%,11648,918,94,2074,8328,100,40,81,13,WESTERN,Vihiga,Table 10a: Rural Households by main type of Lighting Fuel,Physical Infrastructure,Energy,34.60778185,0.057677852,"(0.057677852, 34.60778185)"
HAMISI,Urban,,,,,,,,,0,0,0,0,0,0,0,0,0,WESTERN,Vihiga,Table 10a: Rural Households by main type of Lighting Fuel,Physical Infrastructure,Energy,34.82143608,0.099070606,"(0.099070606, 34.82143608)"
MUMIAS,Urban,12.8%,0.8%,24.2%,60.7%,0.8%,0.2%,0.4%,0.2%,27955,3574,212,6752,16966,227,50,110,64,WESTERN,Kakamega,Table 10a: Rural Households by main type of Lighting Fuel,Physical Infrastructure,Energy,34.48762031,0.35427418,"(0.35427418, 34.48762031)"
BUTERE,Urban,15.2%,0.5%,21.7%,60.5%,0.8%,0.1%,0.9%,0.4%,2923,443,15,634,1768,22,3,25,13,WESTERN,Kakamega,Table 10a: Rural Households by main type of Lighting Fuel,Physical Infrastructure,Energy,34.54564535,0.192421093,"(0.192421093, 34.54564535)"
BUNGOMA SOUTH,Urban,22.3%,1%,30.4%,44.7%,0.5%,0.3%,0.4%,0.4%,22015,4911,228,6694,9836,107,61,93,85,WESTERN,Bungoma,Table 10a: Rural Households by main type of Lighting Fuel,Physical Infrastructure,Energy,34.52131934,0.56139561,"(0.56139561, 34.52131934)"
BUNGOMA NORTH,Urban,5.8%,0.6%,29.7%,62.6%,0.7%,0.2%,0.3%,0.3%,19571,1134,109,5803,12243,143,33,53,53,WESTERN,Bungoma,Table 10a: Rural Households by main type of Lighting Fuel,Physical Infrastructure,Energy,34.86452529,0.783636675,"(0.783636675, 34.86452529)"
BUNGOMA EAST,Urban,17.2%,0.6%,36.6%,44.1%,0.4%,0.1%,0.5%,0.4%,13973,2405,79,5112,6169,60,19,74,55,WESTERN,Bungoma,Table 10a: Rural Households by main type of Lighting Fuel,Physical Infrastructure,Energy,34.73645726,0.63973936,"(0.63973936, 34.73645726)"
BUNGOMA WEST,Urban,5.7%,0.5%,31.7%,60.8%,0.3%,0.5%,0.2%,0.3%,7491,425,39,2377,4553,22,36,15,24,WESTERN,Bungoma,Table 10a: Rural Households by main type of Lighting Fuel,Physical Infrastructure,Energy,34.54143282,0.718594776,"(0.718594776, 34.54143282)"
MT. ELGON,Urban,15.2%,0.2%,37.3%,45.9%,0.2%,0.5%,0.6%,0.1%,2296,349,5,856,1055,5,11,13,2,WESTERN,Bungoma,Table 10a: Rural Households by main type of Lighting Fuel,Physical Infrastructure,Energy,34.59729929,0.928746904,"(0.928746904, 34.59729929)"
BUSIA,Urban,25.9%,0.7%,38.2%,33.8%,0.2%,0.1%,0.3%,0.8%,10571,2742,72,4040,3570,26,10,30,81,WESTERN,Busia,Table 10a: Rural Households by main type of Lighting Fuel,Physical Infrastructure,Energy,34.26474625,0.413063265,"(0.413063265, 34.26474625)"
TESO NORTH,Urban,17%,0.2%,26.5%,54.8%,0.4%,0.1%,0.4%,0.6%,9941,1692,22,2634,5445,43,9,40,56,WESTERN,Busia,Table 10a: Rural Households by main type of Lighting Fuel,Physical Infrastructure,Energy,34.34692124,0.685653144,"(0.685653144, 34.34692124)"
SAMIA,Urban,,,,,,,,,0,0,0,0,0,0,0,0,0,WESTERN,Busia,Table 10a: Rural Households by main type of Lighting Fuel,Physical Infrastructure,Energy,34.08114406,0.249684994,"(0.249684994, 34.08114406)"
BUNYALA,Urban,13.6%,0.2%,35.1%,50.1%,0.2%,0.3%,0%,0.5%,1710,233,4,601,856,3,5,0,8,WESTERN,Busia,Table 10a: Rural Households by main type of Lighting Fuel,Physical Infrastructure,Energy,34.02046792,0.085563847,"(0.085563847, 34.02046792)"
TESO SOUTH,Urban,32.7%,0.5%,30.6%,35.3%,0.2%,0.1%,0.2%,0.4%,6026,1972,30,1841,2128,14,6,13,22,WESTERN,Busia,Table 10a: Rural Households by main type of Lighting Fuel,Physical Infrastructure,Energy,34.22063324,0.545069632,"(0.545069632, 34.22063324)"
